Imagen,Homogeneidad,Contraste,Energia,Correlacion,Disimilaridad,ASM,Clase
bubbly_0038.jpg,0.076652926,935.0673091,0.009144083,0.891758049,20.50693507,8.40E-05,0
bubbly_0038.jpg,0.236809162,605.4595522,0.167470451,0.94503403,15.11498123,0.028046635,0
bubbly_0038.jpg,0.135799713,546.2069518,0.045734079,0.938187219,15.55388119,0.002096143,0
bubbly_0038.jpg,0.237064701,605.6621344,0.167488789,0.94455342,15.12073428,0.028052777,0
bubbly_0042.jpg,0.048669497,1142.846382,0.007188083,0.816023758,25.18139348,5.18E-05,0
bubbly_0042.jpg,0.216709025,562.8913759,0.167190256,0.935339288,16.06782164,0.027952827,0
bubbly_0042.jpg,0.077204378,389.0820961,0.00959836,0.928360953,14.75352747,9.26E-05,0
bubbly_0042.jpg,0.216761438,562.0740835,0.167212443,0.93542537,16.05734371,0.027960246,0
bubbly_0043.jpg,0.181867482,176.4008451,0.019162158,0.93526984,8.041594105,0.000369062,0
bubbly_0043.jpg,0.341543858,148.0212447,0.173417226,0.981911987,6.140985343,0.030073957,0
bubbly_0043.jpg,0.285347038,226.0420775,0.130441229,0.967925629,7.612717366,0.017018904,0
bubbly_0043.jpg,0.339429142,151.7339246,0.173424695,0.981440558,6.244773803,0.030076547,0
bubbly_0044.jpg,0.157320712,235.160318,0.018776901,0.89914884,9.959061015,0.000355227,0
bubbly_0044.jpg,0.303533886,231.0456044,0.165575256,0.980801949,7.867999498,0.02741576,0
bubbly_0044.jpg,0.17839508,246.4681224,0.020280917,0.901304415,8.854268432,0.000416103,0
bubbly_0044.jpg,0.302938873,231.1790459,0.165595356,0.980801159,7.870749496,0.027422415,0
bubbly_0045.jpg,0.140623886,167.0499288,0.019867412,0.877206171,9.017873404,0.000396838,0
bubbly_0045.jpg,0.289156905,176.7805945,0.167802808,0.986178308,7.133249419,0.028158166,0
bubbly_0045.jpg,0.144477456,310.0619266,0.020583206,0.840756779,9.65238457,0.000426676,0
bubbly_0045.jpg,0.289494075,176.4367329,0.167818773,0.986207318,7.118111476,0.028163525,0
bubbly_0046.jpg,0.071993922,756.5996599,0.008218917,0.914418583,18.9624225,6.78E-05,0
bubbly_0046.jpg,0.248445229,487.8396409,0.180788395,0.956096634,13.68112025,0.032684871,0
bubbly_0046.jpg,0.264572219,409.2034415,0.191757462,0.962383947,12.51263141,0.036774813,0
bubbly_0046.jpg,0.24853103,476.1454854,0.180803024,0.956574346,13.56590958,0.03269016,0
bubbly_0048.jpg,0.136931775,301.0745528,0.013409658,0.92453857,10.92653416,0.000180605,0
bubbly_0048.jpg,0.309354262,175.8709787,0.193058211,0.9760703,7.681315648,0.037271705,0
bubbly_0048.jpg,0.346447982,240.2723657,0.24814781,0.970806349,8.483942429,0.06157878,0
bubbly_0048.jpg,0.303435158,185.513477,0.193052904,0.974970508,7.941541231,0.037269654,0
bubbly_0049.jpg,0.115929533,635.2898393,0.011489766,0.881955987,16.33387832,0.000132547,0
bubbly_0049.jpg,0.273268456,454.0747386,0.171239315,0.95066279,12.52918802,0.029323156,0
bubbly_0049.jpg,0.2282015,398.2284754,0.10625792,0.948706125,12.30081728,0.011293854,0
bubbly_0049.jpg,0.272549884,465.4587589,0.171252816,0.950118776,12.71708009,0.029327781,0
bubbly_0050.jpg,0.105546514,726.9366253,0.010033412,0.875633571,17.26907944,0.000101048,0
bubbly_0050.jpg,0.282658908,428.0935026,0.192887156,0.952097264,12.23744238,0.037205666,0
bubbly_0050.jpg,0.321041777,618.4164933,0.248055522,0.93831808,13.90178283,0.061532962,0
bubbly_0050.jpg,0.286837412,395.4845826,0.192912526,0.955578022,11.6928137,0.037215455,0
bubbly_0051.jpg,0.071046042,903.4046535,0.008140861,0.843273243,20.98351806,6.64E-05,0
bubbly_0051.jpg,0.262950374,488.1391798,0.19326128,0.95194691,13.62988226,0.03735014,0
bubbly_0051.jpg,0.303129126,759.4574878,0.248655045,0.934216453,16.17709014,0.061830735,0
bubbly_0051.jpg,0.260872291,497.4992779,0.193262378,0.950100528,13.88431694,0.037350564,0
bubbly_0052.jpg,0.277147045,119.5439179,0.038103008,0.958373123,5.904093539,0.001455569,0
bubbly_0052.jpg,0.46214356,96.48342854,0.196847214,0.986033866,4.286132907,0.03874935,0
bubbly_0052.jpg,0.46784976,131.7285213,0.253568008,0.98308749,4.575847881,0.064298402,0
bubbly_0052.jpg,0.461997279,100.1514529,0.197041638,0.98528908,4.319399059,0.038825951,0
bubbly_0053.jpg,0.143518525,555.3451977,0.017526266,0.871610606,14.07255227,0.000308812,0
bubbly_0053.jpg,0.29953014,389.6605138,0.168314403,0.950512118,10.58597112,0.028330057,0
bubbly_0053.jpg,0.163242915,595.529067,0.029479996,0.881507913,14.07773757,0.000873641,0
bubbly_0053.jpg,0.299688922,389.6886895,0.168345737,0.95040166,10.58169113,0.028340608,0
bubbly_0054.jpg,0.051936738,827.4884432,0.009500363,0.71040812,21.66320936,9.04E-05,0
bubbly_0054.jpg,0.220116087,455.3591075,0.167261256,0.90370008,14.58995511,0.027976621,0
bubbly_0054.jpg,0.052762679,874.5164385,0.009742536,0.699864444,21.99166741,9.57E-05,0
bubbly_0054.jpg,0.220112906,455.7466596,0.167280552,0.903401619,14.59614055,0.027983077,0
bubbly_0055.jpg,0.461578664,249.0318234,0.076570036,0.802115297,6.573888486,0.005870532,0
bubbly_0055.jpg,0.589884776,206.091813,0.18187046,0.984158076,4.96640042,0.03307866,0
bubbly_0055.jpg,0.461232898,319.0074969,0.07645174,0.764754732,6.882564674,0.005852454,0
bubbly_0055.jpg,0.589622522,206.3637789,0.181871306,0.984139507,4.973031281,0.033078966,0
bubbly_0056.jpg,0.114379329,296.3735045,0.016130266,0.799401839,12.13045016,0.000261557,0
bubbly_0056.jpg,0.26242685,205.1826537,0.168479296,0.963260969,8.973652742,0.028385508,0
bubbly_0056.jpg,0.121382508,360.0163527,0.018321429,0.80051704,12.43545748,0.000338489,0
bubbly_0056.jpg,0.262352055,205.2222043,0.168487293,0.963217548,8.977595181,0.028388203,0
bubbly_0059.jpg,0.061582147,1051.748457,0.009005249,0.815913936,23.80862566,8.14E-05,0
bubbly_0059.jpg,0.218664227,572.493891,0.165418331,0.914694743,16.31747412,0.027363669,0
bubbly_0059.jpg,0.089978137,1064.440548,0.033782879,0.825362629,23.44704668,0.001148204,0
bubbly_0059.jpg,0.219295918,568.9837448,0.165451272,0.914804486,16.25751149,0.027374569,0
bubbly_0060.jpg,0.409065773,57.6779212,0.04488137,0.957292748,3.905684323,0.002032861,0
bubbly_0060.jpg,0.529905726,71.92212805,0.174923656,0.987273964,3.28261572,0.03059897,0
bubbly_0060.jpg,0.470855282,73.94491831,0.08657169,0.979367961,3.630948128,0.007504124,0
bubbly_0060.jpg,0.524256169,73.67583212,0.174830904,0.987056514,3.370573154,0.030566519,0
bubbly_0061.jpg,0.125498189,899.0291222,0.020329453,0.76178086,18.17517528,0.000414573,0
bubbly_0061.jpg,0.291692915,623.0849827,0.167046341,0.949901319,13.44711966,0.027904965,0
bubbly_0061.jpg,0.177384724,554.9032148,0.02724902,0.854553349,13.91245137,0.000746725,0
bubbly_0061.jpg,0.291222353,624.5655924,0.167054608,0.949773366,13.46507327,0.027907723,0
bubbly_0063.jpg,0.319560497,250.791158,0.036588728,0.950092155,8.286295644,0.001347529,0
bubbly_0063.jpg,0.446399825,151.7248846,0.173561731,0.976114281,5.769816794,0.030124302,0
bubbly_0063.jpg,0.410572458,136.1324055,0.111621795,0.977675972,5.794625332,0.012465008,0
bubbly_0063.jpg,0.450793926,160.5797564,0.173614413,0.975856397,5.89361512,0.030142572,0
bubbly_0064.jpg,0.194126,268.5003171,0.016357665,0.94949079,8.769020164,0.00026884,0
bubbly_0064.jpg,0.338954481,183.3110558,0.169682425,0.972092651,6.823023201,0.028792297,0
bubbly_0064.jpg,0.194341603,276.9689371,0.016411545,0.948012892,8.838428829,0.000270769,0
bubbly_0064.jpg,0.339082169,183.1642277,0.169688012,0.972096238,6.818986904,0.028794193,0
bubbly_0066.jpg,0.256823459,211.637978,0.03648188,0.925660315,8.575738176,0.001336528,0
bubbly_0066.jpg,0.346680157,153.2310064,0.171446425,0.968060167,7.019734389,0.029394174,0
bubbly_0066.jpg,0.307745086,136.0936455,0.083232403,0.963999931,6.92108755,0.006931465,0
bubbly_0066.jpg,0.354477596,148.2177371,0.1715752,0.968644059,6.859709483,0.029438353,0
bubbly_0067.jpg,0.295098852,777.9121432,0.025526128,0.916942043,13.18223779,0.000653391,0
bubbly_0067.jpg,0.440481656,400.2185211,0.191252835,0.953711399,8.88774181,0.036578399,0
bubbly_0067.jpg,0.451496067,616.5693587,0.222665303,0.93975535,10.09605794,0.049584112,0
bubbly_0067.jpg,0.463666723,354.5406422,0.191571668,0.96416469,7.911252992,0.036700469,0
bubbly_0069.jpg,0.114309483,411.8412647,0.0117769,0.918205558,13.00558423,0.000139287,0
bubbly_0069.jpg,0.275666598,257.5268858,0.169438052,0.968393825,9.377830504,0.028709399,0
bubbly_0069.jpg,0.153782636,415.5242087,0.046656839,0.931427592,12.61998585,0.002178872,0
bubbly_0069.jpg,0.275211599,260.0750748,0.169441855,0.968089629,9.425347388,0.028710687,0
bubbly_0070.jpg,0.196085876,438.6557845,0.038795256,0.834652521,13.76482504,0.001509457,0
bubbly_0070.jpg,0.288025578,335.0857754,0.167490532,0.974068181,10.52782794,0.02805345,0
bubbly_0070.jpg,0.19610454,523.7799804,0.038720207,0.810524583,14.11796186,0.001503626,0
bubbly_0070.jpg,0.288179773,335.3243913,0.167518373,0.974040481,10.53332158,0.028062777,0
bubbly_0071.jpg,0.413113093,278.1813901,0.209997515,0.894145025,7.633050853,0.044159637,0
bubbly_0071.jpg,0.489602244,163.9296965,0.282913136,0.929696524,5.625517331,0.080046084,0
bubbly_0071.jpg,0.475477795,255.9519774,0.29401866,0.900085937,6.96319805,0.086491205,0
bubbly_0071.jpg,0.491122294,163.1854801,0.291675144,0.927953206,5.613174669,0.085082657,0
bubbly_0073.jpg,0.425109782,130.6790246,0.066230419,0.959004288,5.283865163,0.004405949,0
bubbly_0073.jpg,0.550912505,101.1545473,0.19080595,0.980188717,4.004186802,0.036407869,0
bubbly_0073.jpg,0.568793508,88.69661433,0.197234902,0.981193281,3.782372334,0.038907486,0
bubbly_0073.jpg,0.554572963,102.7762627,0.190194073,0.978544664,4.017659305,0.036174709,0
bubbly_0074.jpg,0.250187065,545.0248048,0.105436836,0.891487583,13.27891827,0.011119063,0
bubbly_0074.jpg,0.395740475,278.7073047,0.224100935,0.970113207,8.418074116,0.050221768,0
bubbly_0074.jpg,0.489748446,180.6675804,0.333960141,0.982910828,6.363541366,0.111531699,0
bubbly_0074.jpg,0.386059191,280.3066813,0.224978308,0.968997735,8.589336031,0.050615915,0
bubbly_0075.jpg,0.372252371,184.5278732,0.103119802,0.967885533,6.314683529,0.010643419,0
bubbly_0075.jpg,0.508084108,122.05068,0.227101865,0.990866053,4.480793549,0.051575996,0
bubbly_0075.jpg,0.556969221,171.3521652,0.33781179,0.988695076,4.887298276,0.114118696,0
bubbly_0075.jpg,0.512456024,121.6523247,0.230462446,0.990757265,4.515409348,0.053113858,0
bubbly_0076.jpg,0.304650781,37.86141366,0.027563901,0.991385601,3.848415368,0.000765215,0
bubbly_0076.jpg,0.415159406,94.93322888,0.169956878,0.992316765,3.552215458,0.028886024,0
bubbly_0076.jpg,0.346820837,154.7888003,0.089994114,0.982022069,4.294631264,0.008105315,0
bubbly_0076.jpg,0.413887972,92.55882458,0.169927042,0.992478527,3.568031989,0.028875865,0
bubbly_0077.jpg,0.146909564,139.1544463,0.019093576,0.922457097,8.413208364,0.000365888,0
bubbly_0077.jpg,0.304597487,112.2441631,0.169143562,0.985943399,6.207647445,0.028609843,0
bubbly_0077.jpg,0.19255749,195.7373833,0.058081897,0.952958443,8.446792105,0.003376968,0
bubbly_0077.jpg,0.304561395,112.1284433,0.169155019,0.985914354,6.211591989,0.028613719,0
bubbly_0078.jpg,0.204253798,113.6220054,0.023293517,0.940418873,6.844520373,0.000545362,0
bubbly_0078.jpg,0.351844728,100.8718953,0.168556182,0.98747698,5.211735414,0.028411566,0
bubbly_0078.jpg,0.247920604,96.09765834,0.029484703,0.961968243,5.638873457,0.000874652,0
bubbly_0078.jpg,0.352616928,100.3611164,0.168580555,0.987512478,5.187822701,0.028419785,0
bubbly_0079.jpg,0.141737661,118.6383536,0.021756963,0.865490485,7.879191004,0.000475398,0
bubbly_0079.jpg,0.310699263,111.4348585,0.170642286,0.987596648,5.582822999,0.029119161,0
bubbly_0079.jpg,0.20806997,206.1652955,0.081111396,0.959667316,7.827978848,0.006583073,0
bubbly_0079.jpg,0.310364827,110.9559225,0.170634325,0.987688933,5.58004154,0.02911644,0
bubbly_0080.jpg,0.121971783,408.9416529,0.01699189,0.95772823,13.12489068,0.000289855,0
bubbly_0080.jpg,0.288806455,218.4629184,0.167994371,0.983760014,8.388066047,0.028222325,0
bubbly_0080.jpg,0.133272513,482.2818317,0.021368294,0.952398172,13.33412121,0.000460065,0
bubbly_0080.jpg,0.288237351,220.1792787,0.167993616,0.983645404,8.426309234,0.028222071,0
bubbly_0082.jpg,0.298937363,239.1568803,0.025680697,0.934912205,8.174983048,0.000663528,0
bubbly_0082.jpg,0.418072217,145.7274614,0.168168188,0.964564077,5.976507981,0.028281098,0
bubbly_0082.jpg,0.345772132,247.3929238,0.074653789,0.939768775,7.831288704,0.00558028,0
bubbly_0082.jpg,0.406517223,161.7947548,0.168007377,0.962330783,6.333939567,0.028227016,0
bubbly_0083.jpg,0.08906217,500.083789,0.012222741,0.882643125,15.05668475,0.000150112,0
bubbly_0083.jpg,0.250001802,336.0390022,0.168537441,0.953148136,11.26452761,0.028405112,0
bubbly_0083.jpg,0.138549159,522.2295866,0.056506358,0.903563288,14.59397636,0.003196244,0
bubbly_0083.jpg,0.250270518,336.2163185,0.168557035,0.952576241,11.25444127,0.028411717,0
bubbly_0084.jpg,0.060086537,1116.170876,0.008533603,0.779176134,23.59598946,7.30E-05,0
bubbly_0084.jpg,0.228188553,714.3928415,0.166161846,0.909017619,16.9882095,0.027610218,0
bubbly_0084.jpg,0.101886375,1171.495492,0.046001236,0.808801008,23.22499498,0.00212311,0
bubbly_0084.jpg,0.227610096,718.2772136,0.166202686,0.90799225,17.06324645,0.027623792,0
bubbly_0086.jpg,0.124112897,505.560353,0.016549865,0.869057571,14.17197733,0.00027477,0
bubbly_0086.jpg,0.284604164,320.7911756,0.16726065,0.950799557,10.1789309,0.027976584,0
bubbly_0086.jpg,0.196152361,279.9877847,0.046130344,0.936567802,10.25495252,0.002134881,0
bubbly_0086.jpg,0.285606749,320.6226318,0.167305201,0.950467561,10.14528063,0.027991489,0
bubbly_0087.jpg,0.144048664,408.6758454,0.016337802,0.843639338,12.26032756,0.000268057,0
bubbly_0087.jpg,0.291939262,241.2517295,0.170206064,0.94206527,8.756506029,0.028970612,0
bubbly_0087.jpg,0.234147734,397.8384666,0.110562151,0.894523738,11.35381564,0.012229741,0
bubbly_0087.jpg,0.294002255,235.8679776,0.170221615,0.94356937,8.648708485,0.028975904,0
bubbly_0089.jpg,0.196153469,562.5579575,0.035659598,0.84274766,13.27730794,0.001277557,0
bubbly_0089.jpg,0.35328651,427.9371492,0.172510204,0.967743172,10.16838616,0.029760319,0
bubbly_0089.jpg,0.292043276,386.0665937,0.081275139,0.951506114,10.36030794,0.006611496,0
bubbly_0089.jpg,0.354118481,427.431993,0.172507609,0.967663411,10.16700385,0.029759414,0
bubbly_0090.jpg,0.129808826,261.8846777,0.013539484,0.911539709,10.96683644,0.000184004,0
bubbly_0090.jpg,0.289320708,188.0732924,0.170663229,0.981524841,7.92693241,0.029126198,0
bubbly_0090.jpg,0.245269075,149.9459739,0.093992612,0.979193022,7.363683776,0.00883781,0
bubbly_0090.jpg,0.288121479,186.3583097,0.170670227,0.98139417,7.9321733,0.029128585,0
bubbly_0091.jpg,0.090581065,597.7451126,0.011854371,0.824117318,16.7846458,0.000141236,0
bubbly_0091.jpg,0.271375805,406.7145166,0.190459769,0.950495646,12.32048901,0.036275435,0
bubbly_0091.jpg,0.31441314,534.263475,0.245736306,0.943371094,13.19232458,0.060389828,0
bubbly_0091.jpg,0.272826162,405.692476,0.190495551,0.950197112,12.29227826,0.036289065,0
bubbly_0092.jpg,0.347870942,112.9239836,0.024826957,0.962377031,5.378506616,0.000627256,0
bubbly_0092.jpg,0.466950855,102.9345173,0.168145322,0.984293855,4.363667422,0.028273262,0
bubbly_0092.jpg,0.37013271,183.1289827,0.040529718,0.949748546,5.685075218,0.001649531,0
bubbly_0092.jpg,0.467544084,102.886316,0.168189108,0.984254334,4.359942492,0.028287992,0
bubbly_0093.jpg,0.543684331,178.8931135,0.173555433,0.990864549,4.189446217,0.030137653,0
bubbly_0093.jpg,0.626689545,139.7400055,0.225369158,0.992458483,3.366926755,0.05079253,0
bubbly_0093.jpg,0.58777219,214.7855365,0.19383869,0.98881655,4.074513868,0.037588621,0
bubbly_0093.jpg,0.628811821,138.9303,0.224568523,0.992528842,3.3431755,0.050432343,0
bubbly_0095.jpg,0.175354024,1932.463583,0.070744286,0.568160395,22.80951692,0.005005655,0
bubbly_0095.jpg,0.311755213,910.2531737,0.176304139,0.712170227,14.69741204,0.031085285,0
bubbly_0095.jpg,0.231836542,718.3622941,0.063121783,0.763821495,14.44436799,0.003999852,0
bubbly_0095.jpg,0.312420882,902.9523134,0.176224549,0.710379432,14.63210649,0.031057177,0
bubbly_0096.jpg,0.09856984,475.5028979,0.019297272,0.501477886,15.02605247,0.00037294,0
bubbly_0096.jpg,0.26982345,196.1258203,0.170932657,0.920228217,8.983563605,0.029218403,0
bubbly_0096.jpg,0.223462412,127.6678068,0.097759215,0.925167742,7.715691669,0.009561996,0
bubbly_0096.jpg,0.269474836,198.2561531,0.17094136,0.919814384,9.029636907,0.029221376,0
bubbly_0097.jpg,0.101774138,921.8473065,0.019517144,0.505349234,19.75172464,0.000381512,0
bubbly_0097.jpg,0.26864213,409.154031,0.167074973,0.900410439,12.07045386,0.027914505,0
bubbly_0097.jpg,0.151361094,292.7900243,0.025391817,0.765802242,11.178307,0.000647522,0
bubbly_0097.jpg,0.2685376,407.6641593,0.167090981,0.900709439,12.06430132,0.027919852,0
bubbly_0100.jpg,0.225076783,2089.395943,0.0235573,0.800293907,24.05078971,0.000561974,0
bubbly_0100.jpg,0.352816002,1147.098715,0.169948871,0.890315488,16.85464205,0.028883178,0
bubbly_0100.jpg,0.245822036,2110.906854,0.043912491,0.804673305,23.7891409,0.001937776,0
bubbly_0100.jpg,0.353089903,1151.911848,0.169963828,0.889707619,16.89753901,0.028888257,0
bubbly_0101.jpg,0.722643308,28.14935271,0.115250534,0.985540379,1.856646968,0.013297491,0
bubbly_0101.jpg,0.772586305,23.32377312,0.198917827,0.990357086,1.540220181,0.039569056,0
bubbly_0101.jpg,0.735032425,26.63994462,0.132169387,0.988375135,1.783428208,0.017479664,0
bubbly_0101.jpg,0.765718547,24.15350796,0.196767885,0.990303222,1.593747258,0.038718272,0
bubbly_0102.jpg,0.102392687,814.5722122,0.013739638,0.822173644,17.16412871,0.000189218,0
bubbly_0102.jpg,0.274873197,481.8807281,0.168910695,0.924145408,11.79422594,0.028531202,0
bubbly_0102.jpg,0.174687139,811.2792802,0.085542196,0.858626574,16.41081415,0.00732217,0
bubbly_0102.jpg,0.276430344,471.090315,0.168924444,0.926450037,11.62776931,0.028535847,0
bubbly_0103.jpg,0.468754075,20.1739852,0.036517734,0.992706207,2.384019686,0.001344077,0
bubbly_0103.jpg,0.554028444,36.02585705,0.173734674,0.995253302,2.189567734,0.030184322,0
bubbly_0103.jpg,0.522119285,30.08376309,0.086617625,0.994411428,2.28240715,0.007507629,0
bubbly_0103.jpg,0.552617956,37.16200448,0.173666634,0.995164934,2.224270177,0.030160664,0
bubbly_0104.jpg,0.366775519,81.02030099,0.060973788,0.907024248,5.354755248,0.003735401,0
bubbly_0104.jpg,0.46146827,118.2880021,0.186180473,0.989751192,4.360383337,0.034664054,0
bubbly_0104.jpg,0.477945512,188.9328969,0.19516317,0.984038692,5.036408244,0.038095865,0
bubbly_0104.jpg,0.457634723,124.5077763,0.186459623,0.989223684,4.535774245,0.0347681,0
bubbly_0105.jpg,0.082234924,817.7532685,0.009127649,0.867113035,19.07422916,8.37E-05,0
bubbly_0105.jpg,0.276390775,503.6640605,0.200204211,0.939262681,13.34510914,0.040081968,0
bubbly_0105.jpg,0.355980329,376.1654132,0.27933973,0.956840973,10.9423921,0.078032073,0
bubbly_0105.jpg,0.27848598,494.134562,0.200208589,0.941445373,13.10295059,0.04008372,0
bubbly_0106.jpg,0.269715792,444.5523083,0.027213126,0.895501974,11.36674103,0.000743914,0
bubbly_0106.jpg,0.388745456,285.1474194,0.167605403,0.949515065,8.563761939,0.028092125,0
bubbly_0106.jpg,0.269694588,459.7780096,0.027190748,0.892177693,11.5074767,0.00074286,0
bubbly_0106.jpg,0.388936906,284.624918,0.167641922,0.949602024,8.554675719,0.028104368,0
bubbly_0107.jpg,0.162770862,142.3769938,0.019936487,0.917833467,7.877975395,0.00039995,0
bubbly_0107.jpg,0.32339267,102.7166242,0.168029066,0.978072621,5.68770649,0.028234181,0
bubbly_0107.jpg,0.201461366,171.6426116,0.051477535,0.934734201,7.829332906,0.002654964,0
bubbly_0107.jpg,0.323712531,101.9115268,0.168056792,0.978440435,5.652195367,0.028243502,0
bubbly_0108.jpg,0.432325906,711.7890945,0.042446906,0.805547681,12.6780066,0.001812033,0
bubbly_0108.jpg,0.562662936,293.8400112,0.206296576,0.969073336,7.123049167,0.042558637,0
bubbly_0108.jpg,0.588847265,611.0241703,0.291144117,0.948826412,10.05406271,0.084766818,0
bubbly_0108.jpg,0.566860896,297.022664,0.206253739,0.968611657,7.118589528,0.042540961,0
bubbly_0109.jpg,0.481810179,448.461966,0.206076326,0.884211401,9.61308769,0.042478945,0
bubbly_0109.jpg,0.574667955,281.3522469,0.275490387,0.925780869,7.131693305,0.075895669,0
bubbly_0109.jpg,0.620353019,205.5241482,0.319686693,0.943994647,5.86142104,0.102205265,0
bubbly_0109.jpg,0.565632172,277.0772236,0.243271963,0.926711475,7.112867554,0.059181774,0
bubbly_0110.jpg,0.124632196,153.0787104,0.014717693,0.947936736,8.923535665,0.000218081,0
bubbly_0110.jpg,0.30824028,137.4701586,0.198552533,0.989335341,6.613340612,0.039423373,0
bubbly_0110.jpg,0.361174097,183.3386005,0.270067917,0.988032903,6.840492206,0.072938114,0
bubbly_0110.jpg,0.306652696,141.7979997,0.198528432,0.989097853,6.732012327,0.039413803,0
bubbly_0111.jpg,0.359845286,251.5471219,0.047977393,0.875687784,8.845277942,0.002313085,0
bubbly_0111.jpg,0.481021073,152.4441941,0.218749781,0.973545783,6.114592817,0.04785199,0
bubbly_0111.jpg,0.57172814,205.1676615,0.3325256,0.970568943,6.157392928,0.110575178,0
bubbly_0111.jpg,0.481622581,151.1983444,0.219847268,0.973040556,6.080768507,0.048333329,0
bubbly_0112.jpg,0.756379411,23.50451788,0.096196618,0.979714922,1.416371298,0.009275574,0
bubbly_0112.jpg,0.787714553,36.24445645,0.189678454,0.992190923,1.40018531,0.035978529,0
bubbly_0112.jpg,0.777447862,32.58440324,0.118335567,0.988759702,1.399865833,0.014016608,0
bubbly_0112.jpg,0.788820105,34.47706049,0.189429117,0.992442536,1.363795918,0.035883923,0
bubbly_0113.jpg,0.217467498,345.9172569,0.015129854,0.939239174,10.61734891,0.0002308,0
bubbly_0113.jpg,0.349545527,235.6405025,0.191259016,0.974773097,7.820871512,0.03658045,0
bubbly_0113.jpg,0.377124861,414.0960702,0.246154402,0.960441204,9.884088242,0.060594928,0
bubbly_0113.jpg,0.359928664,232.6354655,0.191316103,0.976341884,7.568659981,0.036602293,0
bubbly_0114.jpg,0.278002903,411.636884,0.056618173,0.964883882,11.66323007,0.003212445,0
bubbly_0114.jpg,0.361745044,285.7425386,0.171363483,0.979234578,8.984035094,0.029365907,0
bubbly_0114.jpg,0.279533177,525.7934172,0.05656814,0.956134964,12.2539464,0.00320835,0
bubbly_0114.jpg,0.362276503,285.338832,0.171140737,0.979222046,8.982968505,0.029289618,0
bubbly_0115.jpg,0.096198189,1291.607304,0.010286073,0.702901946,24.40575648,0.000106296,0
bubbly_0115.jpg,0.290491538,680.0804886,0.215517193,0.905880404,15.99565934,0.046448182,0
bubbly_0115.jpg,0.377494181,948.6947304,0.330780328,0.890446364,17.56861449,0.109417912,0
bubbly_0115.jpg,0.286321204,672.9857504,0.215534683,0.904720315,15.93810912,0.046455723,0
bubbly_0116.jpg,0.395598093,167.7175452,0.037197289,0.94324228,6.637841269,0.001388407,0
bubbly_0116.jpg,0.475141025,151.2495324,0.170777221,0.986229001,5.54653819,0.029165202,0
bubbly_0116.jpg,0.41414759,132.6615958,0.053178721,0.974559986,5.663516231,0.002833954,0
bubbly_0116.jpg,0.476933835,149.5659545,0.170788493,0.986421461,5.481987323,0.029169057,0
bubbly_0117.jpg,0.591750446,136.0988379,0.08463543,0.979253872,4.147950733,0.007190721,0
bubbly_0117.jpg,0.66087147,121.9122174,0.179951845,0.981788391,3.533603637,0.032383777,0
bubbly_0117.jpg,0.598561487,167.7525464,0.085528886,0.97442104,4.355959118,0.007341717,0
bubbly_0117.jpg,0.661793074,121.2026803,0.180222005,0.981735474,3.508525972,0.032481061,0
bubbly_0118.jpg,0.12207308,364.4774961,0.011942034,0.900763967,12.72180786,0.000143357,0
bubbly_0118.jpg,0.31641417,243.3071416,0.215573606,0.961512273,9.236654964,0.046472515,0
bubbly_0118.jpg,0.408122759,288.8179932,0.330815022,0.959375107,9.100080916,0.109440874,0
bubbly_0118.jpg,0.318629372,240.4002192,0.215620058,0.958723968,9.163816907,0.046492546,0
bubbly_0119.jpg,0.079561033,656.2920664,0.009718812,0.868432636,17.67047697,9.49E-05,0
bubbly_0119.jpg,0.289229842,397.9172795,0.217152505,0.946488248,12.09588916,0.047155513,0
bubbly_0119.jpg,0.385247759,483.4390783,0.332483563,0.943371011,12.18275345,0.110546608,0
bubbly_0119.jpg,0.287726571,420.9155461,0.217153922,0.945391471,12.41816162,0.047156127,0
bubbly_0120.jpg,0.16184805,382.9421919,0.01424056,0.923867633,11.51242504,0.000204638,0
bubbly_0120.jpg,0.341992437,268.4747246,0.215707935,0.976764458,8.435851967,0.046530203,0
bubbly_0120.jpg,0.438839255,196.2346609,0.327219531,0.985252525,6.866617315,0.107073969,0
bubbly_0120.jpg,0.342107352,262.1670535,0.215735415,0.977708858,8.312560922,0.046542065,0
bubbly_0121.jpg,0.225775488,46.08583161,0.016331272,0.994255288,4.76481895,0.000269341,0
bubbly_0121.jpg,0.358580728,64.45591451,0.168967517,0.994096931,4.052676363,0.028550181,0
bubbly_0121.jpg,0.252719161,64.10030717,0.017894581,0.992149516,4.444367795,0.000324744,0
bubbly_0121.jpg,0.358471969,64.22182381,0.168971734,0.994113067,4.050811764,0.028551606,0
bubbly_0122.jpg,0.149312901,247.2663647,0.014418195,0.930336863,10.5148084,0.000208853,0
bubbly_0122.jpg,0.323784871,162.185737,0.193089199,0.984062862,7.233930602,0.037283666,0
bubbly_0122.jpg,0.345696569,268.9616788,0.248142139,0.977744397,8.963842133,0.061575955,0
bubbly_0122.jpg,0.316179534,171.4051544,0.193063713,0.983879569,7.5049919,0.037273821,0
bubbly_0123.jpg,0.412926225,68.32467183,0.039197857,0.992448553,4.322882608,0.001545908,0
bubbly_0123.jpg,0.489616401,85.05201985,0.169751128,0.994344799,3.56849163,0.028816028,0
bubbly_0123.jpg,0.420325287,93.72364887,0.042230683,0.990626275,4.4915433,0.001795186,0
bubbly_0123.jpg,0.488594489,84.73586308,0.169736718,0.994395526,3.582960315,0.02881113,0
bubbly_0124.jpg,0.098090464,608.7746034,0.010353306,0.901496652,15.34799895,0.000107736,0
bubbly_0124.jpg,0.258456269,404.8990814,0.172162533,0.955514335,11.67360464,0.029640107,0
bubbly_0124.jpg,0.190518689,619.7416099,0.103784902,0.926244814,14.35659967,0.010773357,0
bubbly_0124.jpg,0.259047628,400.0030697,0.17217546,0.955244235,11.58722035,0.029644559,0
bubbly_0125.jpg,0.747039131,13.93153961,0.151994861,0.954101184,1.233246665,0.023175849,0
bubbly_0125.jpg,0.80278269,41.40612958,0.216526024,0.994836615,1.192385965,0.046885674,0
bubbly_0125.jpg,0.757749427,33.72812055,0.152761115,0.926039828,1.353001283,0.023389138,0
bubbly_0125.jpg,0.802727203,41.56373663,0.216600058,0.994818955,1.194980266,0.046917725,0
bubbly_0126.jpg,0.149529689,322.6981222,0.016114377,0.946273048,10.75923365,0.000260642,0
bubbly_0126.jpg,0.323270911,208.3248437,0.193219141,0.96973116,7.70220216,0.037333878,0
bubbly_0126.jpg,0.351645912,295.1433415,0.248217885,0.959050518,8.81980165,0.061613564,0
bubbly_0126.jpg,0.323541823,209.964621,0.193207247,0.968747744,7.71050232,0.037329279,0
bubbly_0127.jpg,0.164700703,124.7365335,0.016048817,0.948671357,7.900026557,0.000259606,0
bubbly_0127.jpg,0.327805342,96.27004451,0.192679943,0.984170604,5.902247789,0.037125831,0
bubbly_0127.jpg,0.378509767,79.21530437,0.247473046,0.989103089,5.200012762,0.061244477,0
bubbly_0127.jpg,0.3322997,97.64376981,0.192608002,0.985479917,5.844288863,0.037098111,0
bubbly_0128.jpg,0.374741988,29.17383867,0.05006182,0.932932232,3.11163388,0.002520542,0
bubbly_0128.jpg,0.504928968,45.13249516,0.180562719,0.993420061,2.499325673,0.032604073,0
bubbly_0128.jpg,0.496087823,39.9919126,0.144164405,0.992861452,2.501355272,0.02078765,0
bubbly_0128.jpg,0.504824609,45.80138331,0.180786406,0.993333793,2.510967609,0.032684965,0
bubbly_0129.jpg,0.084570383,363.8955238,0.011120407,0.882342367,13.95112174,0.000124226,0
bubbly_0129.jpg,0.243368214,261.9331433,0.167169546,0.958676992,10.58887666,0.027945967,0
bubbly_0129.jpg,0.108001347,417.4415578,0.028426035,0.888760741,14.04029226,0.00081286,0
bubbly_0129.jpg,0.243565498,260.9211548,0.167190497,0.958562502,10.56534081,0.027952973,0
bubbly_0130.jpg,0.279445024,155.6960146,0.02589147,0.930725691,7.253551738,0.000681925,0
bubbly_0130.jpg,0.430279455,169.4156239,0.216295841,0.988284506,5.653940583,0.046784603,0
bubbly_0130.jpg,0.51399308,235.2112388,0.331190962,0.986901363,5.732461165,0.109690135,0
bubbly_0130.jpg,0.422713295,171.0490895,0.216270635,0.98772736,5.949118768,0.046773682,0
bubbly_0131.jpg,0.036301807,2189.706159,0.006594151,0.629010275,34.79145406,4.37E-05,0
bubbly_0131.jpg,0.250710077,1018.856376,0.215440549,0.854821817,20.93504632,0.04641513,0
bubbly_0131.jpg,0.353693557,1586.332832,0.330751943,0.817419375,24.3263664,0.109399117,0
bubbly_0131.jpg,0.2505209,1024.151622,0.215451639,0.857779128,20.99486145,0.046419908,0
bubbly_0132.jpg,0.312281363,65.65837804,0.021905462,0.984087892,4.420788049,0.000482763,0
bubbly_0132.jpg,0.449093746,73.27081204,0.172233276,0.992461608,3.536777217,0.029664535,0
bubbly_0132.jpg,0.411912552,67.51228312,0.09416369,0.99070987,3.633781413,0.008869144,0
bubbly_0132.jpg,0.448417469,73.50942959,0.172227285,0.992362729,3.544226871,0.029662469,0
bubbly_0133.jpg,0.510840117,15.94303373,0.043327649,0.993101002,2.211843723,0.001890949,0
bubbly_0133.jpg,0.577579775,36.362569,0.173486771,0.996875969,2.03020508,0.030098133,0
bubbly_0133.jpg,0.519973074,65.46218286,0.058667521,0.986365916,2.512193927,0.003451419,0
bubbly_0133.jpg,0.580552803,36.49474513,0.173533352,0.996864889,2.008360139,0.030114298,0
bubbly_0134.jpg,0.208695212,247.3247994,0.030125968,0.917434029,8.799875333,0.000912045,0
bubbly_0134.jpg,0.398441597,154.2308105,0.19517305,0.97775304,5.798083068,0.038092918,0
bubbly_0134.jpg,0.416802332,228.4742225,0.252894117,0.970905941,6.685416717,0.06395722,0
bubbly_0134.jpg,0.396938972,159.0174108,0.195267986,0.976731124,5.849327995,0.03812999,0
bubbly_0135.jpg,0.267609434,160.1493186,0.021717372,0.963412161,7.063368147,0.00047707,0
bubbly_0135.jpg,0.393981274,151.6498198,0.174830244,0.979907394,5.931777822,0.0305659,0
bubbly_0135.jpg,0.368885508,215.4618592,0.13520891,0.970336839,6.653885604,0.018284663,0
bubbly_0135.jpg,0.395761064,153.8842036,0.174841258,0.978857008,5.953514127,0.030569751,0
bubbly_0136.jpg,0.272799165,918.9577666,0.036628188,0.918503042,14.65985029,0.001351992,0
bubbly_0136.jpg,0.409615543,527.0546645,0.179615711,0.942265397,10.25951316,0.032262523,0
bubbly_0136.jpg,0.428974258,364.843553,0.165831522,0.947658161,8.372603911,0.027506384,0
bubbly_0136.jpg,0.409570622,552.6851597,0.180221761,0.944530075,10.51980485,0.032480672,0
bubbly_0137.jpg,0.340996853,115.1771875,0.061095424,0.98970918,5.74176699,0.003738807,0
bubbly_0137.jpg,0.454295373,126.6652042,0.180448578,0.983965089,4.628999061,0.032562065,0
bubbly_0137.jpg,0.454146674,99.88674867,0.155122366,0.986532908,4.178114232,0.02406675,0
bubbly_0137.jpg,0.450246474,128.796005,0.180112534,0.982556976,4.65964115,0.032440895,0
bubbly_0138.jpg,0.488017271,114.5988721,0.064968269,0.954109942,4.283772601,0.004251316,0
bubbly_0138.jpg,0.585723821,88.85578547,0.178419296,0.959761106,3.430773648,0.03183435,0
bubbly_0138.jpg,0.532794542,85.50294169,0.079314627,0.964188577,3.666989996,0.006310145,0
bubbly_0138.jpg,0.585267916,88.94942362,0.178404057,0.959534167,3.434026564,0.031828923,0
bubbly_0139.jpg,0.032809779,1964.165424,0.007008206,0.503245814,34.11647573,4.91E-05,0
bubbly_0139.jpg,0.207810741,802.1962172,0.169561143,0.919167105,19.6777534,0.028751116,0
bubbly_0139.jpg,0.124363505,451.6609409,0.064271742,0.918472463,15.60921581,0.00413295,0
bubbly_0139.jpg,0.207578134,805.0535783,0.169576188,0.917781259,19.73498038,0.028756218,0
bubbly_0140.jpg,0.161553704,629.2674616,0.018453644,0.868956157,14.81648519,0.000342113,0
bubbly_0140.jpg,0.327775994,419.0485881,0.190495287,0.964554178,10.73159533,0.036289033,0
bubbly_0140.jpg,0.37053162,630.2473306,0.247132806,0.95509342,11.68739367,0.061078381,0
bubbly_0140.jpg,0.33533432,406.9959061,0.190625412,0.96603938,10.29983137,0.036338638,0
bubbly_0141.jpg,0.219942123,371.988367,0.018341165,0.920511657,11.56703555,0.000339456,0
bubbly_0141.jpg,0.375372934,244.0043672,0.192493329,0.973796316,8.140773625,0.037054127,0
bubbly_0141.jpg,0.397613786,409.2987306,0.24766228,0.962267828,10.05819044,0.061339319,0
bubbly_0141.jpg,0.355689554,256.7562218,0.192462444,0.970725204,8.614469757,0.03704223,0
bubbly_0142.jpg,0.304773237,130.9535466,0.041444336,0.923738623,6.236257296,0.001723969,0
bubbly_0142.jpg,0.450764208,120.6774766,0.220205371,0.989752361,4.415631726,0.048490872,0
bubbly_0142.jpg,0.497805909,190.4955441,0.335293173,0.98682406,4.985681235,0.112423149,0
bubbly_0142.jpg,0.433783653,128.207273,0.219554777,0.989080027,4.61838384,0.048204768,0
bubbly_0143.jpg,0.26374744,51.52224064,0.028949246,0.965285526,4.718337041,0.000844256,0
bubbly_0143.jpg,0.398295425,71.9994105,0.170062606,0.993163262,3.728033199,0.028921599,0
bubbly_0143.jpg,0.263594651,79.39863214,0.028899356,0.94873209,4.896546634,0.000841351,0
bubbly_0143.jpg,0.398200334,71.96263078,0.170063396,0.993163362,3.730373467,0.028921867,0
bubbly_0144.jpg,0.269771849,322.3625996,0.026079122,0.953457601,8.684655475,0.000684086,0
bubbly_0144.jpg,0.414958915,270.9817197,0.181050876,0.980294086,7.106044674,0.032779728,0
bubbly_0144.jpg,0.398037818,381.6113969,0.177411257,0.972047048,8.182438884,0.031477165,0
bubbly_0144.jpg,0.413427974,263.2314433,0.180767312,0.979958349,7.023162494,0.032677109,0
bubbly_0145.jpg,0.165051176,124.3138929,0.024209919,0.83979781,7.690919997,0.000589214,0
bubbly_0145.jpg,0.308996425,95.84831536,0.170356188,0.986517937,5.681046426,0.029021506,0
bubbly_0145.jpg,0.236634641,89.64771116,0.052503753,0.966059915,5.859354874,0.002761544,0
bubbly_0145.jpg,0.307567731,97.35627078,0.170385781,0.986352008,5.723837324,0.029031593,0
bubbly_0146.jpg,0.30174025,457.7341828,0.074428093,0.955369907,11.48269215,0.005554147,0
bubbly_0146.jpg,0.451893562,359.2806588,0.209689343,0.980776686,8.500466686,0.043970678,0
bubbly_0146.jpg,0.498820576,288.959574,0.285498492,0.985830823,7.535040114,0.081513828,0
bubbly_0146.jpg,0.44197073,355.706372,0.206578129,0.980958464,8.716866458,0.04267567,0
bubbly_0147.jpg,0.275667674,461.5399882,0.029326429,0.90810815,11.72849053,0.000863459,0
bubbly_0147.jpg,0.403430551,315.5585721,0.174690359,0.953306727,8.897562434,0.030517184,0
bubbly_0147.jpg,0.383541155,443.8226476,0.137532785,0.932969702,10.40920999,0.018920016,0
bubbly_0147.jpg,0.389174139,306.384759,0.174403483,0.954594854,8.932177541,0.030417031,0
bubbly_0148.jpg,0.083474435,771.3794866,0.012123422,0.733652666,17.84678892,0.000147073,0
bubbly_0148.jpg,0.284715833,293.0209192,0.196630953,0.968347791,9.821487323,0.038664046,0
bubbly_0148.jpg,0.366062935,140.2583596,0.263413272,0.987182244,6.527263476,0.069388495,0
bubbly_0148.jpg,0.285320293,278.1543779,0.196664739,0.969925578,9.594674816,0.038677341,0
bubbly_0149.jpg,0.163741084,400.735617,0.014413242,0.93793521,12.17533278,0.000209072,0
bubbly_0149.jpg,0.331905306,221.7139382,0.177188211,0.972407512,8.046264699,0.031395937,0
bubbly_0149.jpg,0.326268048,187.4637414,0.161835054,0.976243586,7.596230675,0.026193241,0
bubbly_0149.jpg,0.328366635,231.362282,0.177201344,0.971989277,8.295267183,0.031400592,0
bubbly_0150.jpg,0.347903927,113.7223535,0.031995993,0.972808793,5.257181776,0.001031209,0
bubbly_0150.jpg,0.483842081,130.7291406,0.218004188,0.990413822,4.344299365,0.047526249,0
bubbly_0150.jpg,0.569581563,112.1489656,0.332158776,0.99334828,3.896754672,0.11033101,0
bubbly_0150.jpg,0.493526147,136.0615724,0.218477741,0.990285793,4.481289756,0.047732967,0
bubbly_0151.jpg,0.114970418,611.7115008,0.009703702,0.940973966,15.87844144,9.47E-05,0
bubbly_0151.jpg,0.303753974,363.0479023,0.193465753,0.968767493,10.57852556,0.037429243,0
bubbly_0151.jpg,0.344795625,522.2007925,0.248969681,0.952286812,11.78846011,0.06198762,0
bubbly_0151.jpg,0.301204914,374.7916414,0.193452177,0.967896504,10.86466373,0.037423986,0
bubbly_0152.jpg,0.419459044,119.9563657,0.080236818,0.961276485,4.376958649,0.0064727,0
bubbly_0152.jpg,0.520053394,72.60631811,0.185837662,0.975332421,3.263483965,0.034538026,0
bubbly_0152.jpg,0.497421202,102.8718555,0.167992944,0.966482779,3.813433194,0.028238993,0
bubbly_0152.jpg,0.516598573,74.17557717,0.185086408,0.975182965,3.309428184,0.034259169,0
bubbly_0153.jpg,0.41315302,131.6540687,0.029996022,0.957063344,5.37505085,0.000906223,0
bubbly_0153.jpg,0.529293581,86.43874191,0.193625628,0.982742561,3.981702141,0.037491237,0
bubbly_0153.jpg,0.557326243,138.4085377,0.248982704,0.976740483,4.604052308,0.061994368,0
bubbly_0153.jpg,0.521995706,96.45400686,0.193604521,0.982454171,4.241847461,0.03748306,0
bubbly_0154.jpg,0.514729521,168.8779995,0.082831522,0.963759048,4.969008941,0.00688085,0
bubbly_0154.jpg,0.568263186,122.6901823,0.209346655,0.984342819,4.151792231,0.043826839,0
bubbly_0154.jpg,0.657316544,68.33235277,0.293018343,0.991504487,2.960885179,0.085863343,0
bubbly_0154.jpg,0.637140041,91.71043427,0.215190446,0.987401111,3.301577109,0.046308076,0
bubbly_0155.jpg,0.329726226,69.99231973,0.02902754,0.974782958,4.653246226,0.000851413,0
bubbly_0155.jpg,0.452067397,85.23807812,0.170309473,0.988217546,3.987171257,0.02900559,0
bubbly_0155.jpg,0.362080038,91.04306832,0.03327849,0.971699526,4.471903882,0.001116353,0
bubbly_0155.jpg,0.452133158,85.34388962,0.170322311,0.988175497,3.980951633,0.029009965,0
bubbly_0156.jpg,0.151582591,154.6705208,0.018791055,0.920012185,8.516900017,0.000355681,0
bubbly_0156.jpg,0.298450615,133.4889172,0.168210053,0.973540734,6.862105605,0.028295058,0
bubbly_0156.jpg,0.203538443,215.0860913,0.067903665,0.935612113,8.515966382,0.004615973,0
bubbly_0156.jpg,0.298469989,133.3847894,0.168241504,0.973638497,6.857137114,0.02830564,0
bubbly_0157.jpg,0.122029166,694.5510711,0.012088241,0.895580886,16.52011958,0.000146771,0
bubbly_0157.jpg,0.301874254,341.9411432,0.181968978,0.95697174,10.29456898,0.03311316,0
bubbly_0157.jpg,0.301932161,571.5676176,0.201858524,0.931656497,13.15767331,0.040750722,0
bubbly_0157.jpg,0.297547585,361.2664886,0.181968997,0.956213677,10.71328867,0.033113165,0
bubbly_0158.jpg,0.33605992,130.0081275,0.031986178,0.970640608,5.697857938,0.001030729,0
bubbly_0158.jpg,0.446228911,132.9529753,0.185634282,0.989345464,4.804034052,0.034460511,0
bubbly_0158.jpg,0.486595115,124.3975236,0.211819335,0.990901006,4.502100063,0.044870013,0
bubbly_0158.jpg,0.460466773,148.4237192,0.186060657,0.98850959,4.933766725,0.034619015,0
bubbly_0159.jpg,0.607806449,7.968334433,0.063280468,0.994239578,1.410649689,0.004023416,0
bubbly_0159.jpg,0.674875699,69.91855948,0.177295344,0.993722169,1.610073058,0.031434606,0
bubbly_0159.jpg,0.628209557,135.2619146,0.080653969,0.97263874,2.002044529,0.006522613,0
bubbly_0159.jpg,0.671319378,71.50577865,0.177280082,0.993593858,1.633032325,0.031429184,0
bubbly_0160.jpg,0.047146271,1086.164896,0.010097331,0.61520329,24.21052709,0.000102023,0
bubbly_0160.jpg,0.268376423,490.5381995,0.216728435,0.965911892,13.84862817,0.046971512,0
bubbly_0160.jpg,0.386731429,270.2047416,0.329468603,0.985241475,9.332788325,0.108550866,0
bubbly_0160.jpg,0.269649903,479.929441,0.216742284,0.967002656,13.6646214,0.046977517,0
bubbly_0161.jpg,0.446129145,336.0293204,0.066667993,0.897003509,8.592692965,0.004474781,0
bubbly_0161.jpg,0.562251332,246.2235545,0.231611778,0.982119761,6.389104275,0.053644225,0
bubbly_0161.jpg,0.640466722,364.9413453,0.356503995,0.977528518,6.823884609,0.127097295,0
bubbly_0161.jpg,0.556622918,240.3072961,0.232089183,0.98217839,6.24188534,0.053865653,0
bubbly_0162.jpg,0.201675999,1090.622081,0.036143238,0.905298923,18.12488457,0.001314046,0
bubbly_0162.jpg,0.338685312,620.4828697,0.175957672,0.908749415,12.3001324,0.030962103,0
bubbly_0162.jpg,0.20504461,1304.024047,0.037838429,0.884529484,18.90662267,0.00144262,0
bubbly_0162.jpg,0.338273676,621.9785263,0.175962879,0.908430155,12.32579121,0.030963935,0
bubbly_0163.jpg,0.285887495,120.3027473,0.020824123,0.973614376,6.158372912,0.000437387,0
bubbly_0163.jpg,0.380283864,136.5636101,0.169658312,0.987441015,5.520172126,0.028784192,0
bubbly_0163.jpg,0.304141222,189.5640514,0.042761466,0.970109681,6.455877559,0.00183309,0
bubbly_0163.jpg,0.380719753,134.6932524,0.169642004,0.987681914,5.490740351,0.028778655,0
bubbly_0164.jpg,0.306927246,461.5591092,0.054362514,0.952534699,11.93725554,0.002963341,0
bubbly_0164.jpg,0.398857969,285.5714021,0.171207171,0.973878298,8.623648578,0.029312395,0
bubbly_0164.jpg,0.363858053,225.292664,0.077034981,0.978144423,7.979129886,0.005944049,0
bubbly_0164.jpg,0.401843684,282.8630584,0.171197872,0.97429446,8.555653666,0.029309202,0
bubbly_0165.jpg,0.471067187,92.50548618,0.053659423,0.919324709,4.688361242,0.00290338,0
bubbly_0165.jpg,0.550412676,76.64957486,0.172178747,0.982576716,3.698184789,0.029646205,0
bubbly_0165.jpg,0.472632814,140.1828563,0.054238636,0.909036849,5.076679967,0.002963483,0
bubbly_0165.jpg,0.549323846,76.77861607,0.172157149,0.982677004,3.704493428,0.029638765,0
bubbly_0166.jpg,0.173352769,190.4376294,0.015855336,0.959114601,8.977263434,0.000253354,0
bubbly_0166.jpg,0.348772382,184.1053007,0.215708663,0.984998184,7.152471471,0.046530762,0
bubbly_0166.jpg,0.439098865,193.6352503,0.330879342,0.98629748,6.325394934,0.109483432,0
bubbly_0166.jpg,0.348597829,184.1552088,0.215716194,0.984893474,7.125729484,0.046534009,0
bubbly_0167.jpg,0.085436595,1021.47557,0.010846027,0.71706036,21.01440467,0.000119964,0
bubbly_0167.jpg,0.336126085,531.0940514,0.270508172,0.952391129,13.19676369,0.073175221,0
bubbly_0167.jpg,0.493478658,310.3759982,0.43885715,0.975764119,9.069167249,0.192596755,0
bubbly_0167.jpg,0.332461895,554.3552688,0.27051189,0.950568216,13.64244454,0.07317723,0
bubbly_0168.jpg,0.167793738,463.0738245,0.018775859,0.896829887,12.55077157,0.000354702,0
bubbly_0168.jpg,0.33713627,322.1814027,0.192790354,0.960901301,9.310176859,0.037168418,0
bubbly_0168.jpg,0.356644701,450.5125784,0.247678494,0.952580604,10.76588732,0.061346378,0
bubbly_0168.jpg,0.328424038,340.9173934,0.192640604,0.960301781,9.727687972,0.037110687,0
bubbly_0169.jpg,0.248851123,67.6649612,0.029924591,0.924355412,4.998231596,0.000901304,0
bubbly_0169.jpg,0.379938078,65.98668789,0.174814608,0.988463178,4.034834034,0.030560541,0
bubbly_0169.jpg,0.359613847,56.17053852,0.121353655,0.987004344,3.915623631,0.014729667,0
bubbly_0169.jpg,0.381964632,61.76795999,0.174902207,0.989035366,3.907596671,0.030591186,0
bubbly_0170.jpg,0.274632552,335.2573216,0.021539394,0.939991952,9.082748346,0.000466094,0
bubbly_0170.jpg,0.434054542,169.4174752,0.183180307,0.975799453,5.687233537,0.033555469,0
bubbly_0170.jpg,0.446402319,135.0877226,0.20205705,0.976974865,5.316047092,0.040829984,0
bubbly_0170.jpg,0.405673418,214.4294828,0.183042189,0.968990989,6.748181015,0.033504859,0
bubbly_0171.jpg,0.068247161,802.2923188,0.011865545,0.685477685,20.22802904,0.000141399,0
bubbly_0171.jpg,0.255423346,433.1324319,0.192234451,0.916438955,13.52706137,0.036954336,0
bubbly_0171.jpg,0.296148859,656.0653849,0.247953993,0.893871401,15.87069157,0.061482824,0
bubbly_0171.jpg,0.254158265,437.2679735,0.192225274,0.916224023,13.60487515,0.036950805,0
bubbly_0172.jpg,0.284275715,299.0427243,0.069459324,0.949710549,10.01374491,0.004832108,0
bubbly_0172.jpg,0.42128422,231.1761867,0.219302314,0.981674209,7.451910525,0.048094137,0
bubbly_0172.jpg,0.516248012,299.1273617,0.334668535,0.981106173,7.175958945,0.11200521,0
bubbly_0172.jpg,0.430112114,234.0369337,0.223550742,0.982644822,7.390379977,0.049975771,0
bubbly_0173.jpg,0.279227784,194.2824717,0.024440518,0.957711318,6.877740999,0.000601719,0
bubbly_0173.jpg,0.381999478,159.9948232,0.166866507,0.987116936,5.333827002,0.027844991,0
bubbly_0173.jpg,0.296734242,265.2213125,0.049207674,0.961989793,7.126449493,0.00243066,0
bubbly_0173.jpg,0.380456725,162.9753579,0.166875221,0.986810499,5.385233459,0.027847897,0
crystalline_0057.jpg,0.167345202,287.4187315,0.014717108,0.941934774,10.40798301,0.00021793,1
crystalline_0057.jpg,0.320989386,244.4424407,0.165817571,0.977700509,8.037125231,0.027495965,1
crystalline_0057.jpg,0.193687065,402.4567256,0.035665265,0.937617459,10.73710302,0.001279131,1
crystalline_0057.jpg,0.318785159,243.0904594,0.165835211,0.977942114,8.07497636,0.027501814,1
crystalline_0102.jpg,0.192824317,125.6893728,0.01494482,0.978634076,7.218277041,0.000224486,1
crystalline_0102.jpg,0.349773541,105.9633659,0.170574611,0.987250201,5.267129635,0.029095868,1
crystalline_0102.jpg,0.282322972,101.5311298,0.066212095,0.986008787,5.389347064,0.004386337,1
crystalline_0102.jpg,0.350587898,105.3437291,0.170598083,0.987209149,5.239883239,0.029103878,1
crystalline_0103.jpg,0.186288049,100.0042478,0.023991363,0.920967782,6.436137383,0.000578539,1
crystalline_0103.jpg,0.343221864,83.852288,0.168100215,0.983714432,4.727270319,0.028258172,1
crystalline_0103.jpg,0.190765103,145.7217761,0.024702489,0.900941048,6.769557492,0.000614141,1
crystalline_0103.jpg,0.343171293,84.14990559,0.168118766,0.98367458,4.735743714,0.028264408,1
crystalline_0104.jpg,0.353086649,40.95486971,0.025630257,0.989821429,3.656738681,0.000661946,1
crystalline_0104.jpg,0.477759871,45.94266632,0.173217729,0.99210958,3.012519128,0.030004639,1
crystalline_0104.jpg,0.435749707,48.72597713,0.10663008,0.991412218,3.28100966,0.011372037,1
crystalline_0104.jpg,0.478902455,44.38929686,0.173236891,0.992471741,2.983443466,0.030011278,1
crystalline_0105.jpg,0.258417131,69.4935607,0.01972173,0.981474779,4.991420776,0.000391658,1
crystalline_0105.jpg,0.413290789,72.78449109,0.188697125,0.992043558,3.760120437,0.035607066,1
crystalline_0105.jpg,0.447934459,72.12327284,0.232536191,0.992944976,3.595243647,0.05407612,1
crystalline_0105.jpg,0.402404992,79.4914228,0.188715289,0.990907681,3.992769136,0.035613926,1
crystalline_0106.jpg,0.354457295,44.74209568,0.042160788,0.987412516,3.705761336,0.001785368,1
crystalline_0106.jpg,0.476816582,43.55318758,0.17513929,0.989603144,2.916784408,0.030674273,1
crystalline_0106.jpg,0.395496748,68.72267912,0.085665682,0.982026864,3.641267822,0.007343587,1
crystalline_0106.jpg,0.47461271,43.42469897,0.174504136,0.989495981,2.904112908,0.03045219,1
crystalline_0107.jpg,0.072567694,2163.957124,0.009267002,0.660054692,29.99082177,8.61E-05,1
crystalline_0107.jpg,0.239241435,862.9873047,0.166842622,0.869947504,17.49919592,0.027836717,1
crystalline_0107.jpg,0.098779032,2123.263607,0.030524376,0.684108513,29.27839452,0.000935732,1
crystalline_0107.jpg,0.239191041,863.9877912,0.166854636,0.869645446,17.51586744,0.027840726,1
crystalline_0108.jpg,0.363731107,27.64861442,0.035206639,0.977837963,2.947282329,0.001247165,1
crystalline_0108.jpg,0.509974984,33.22360376,0.185606272,0.994915693,2.149768651,0.034450163,1
crystalline_0108.jpg,0.543257618,24.04024611,0.200757859,0.996417854,1.89340372,0.040305939,1
crystalline_0108.jpg,0.508089122,35.12450456,0.185676053,0.994696665,2.15719419,0.03447609,1
crystalline_0109.jpg,0.226984362,134.830758,0.018211548,0.97860102,6.671576169,0.000333595,1
crystalline_0109.jpg,0.386855786,85.90167607,0.167730382,0.989654285,4.411938145,0.028133764,1
crystalline_0109.jpg,0.266276408,125.3710497,0.020409687,0.980219841,5.861116103,0.000419393,1
crystalline_0109.jpg,0.386868471,84.69604335,0.167745231,0.989775287,4.387632191,0.028138745,1
crystalline_0110.jpg,0.520678379,10.29899281,0.063551399,0.975523833,1.730613153,0.0040685,1
crystalline_0110.jpg,0.625319441,53.56992133,0.179799023,0.992817276,1.665888983,0.032329946,1
crystalline_0110.jpg,0.596003183,46.33071673,0.119458328,0.990864835,1.817263919,0.014281146,1
crystalline_0110.jpg,0.621855307,55.42995948,0.179467155,0.992647739,1.696459191,0.032210603,1
crystalline_0111.jpg,0.249726063,129.539234,0.026679312,0.955837823,5.779514692,0.000715311,1
crystalline_0111.jpg,0.41075953,130.5395557,0.180308437,0.990560577,4.307305029,0.032511718,1
crystalline_0111.jpg,0.431039894,109.5038083,0.179105862,0.992033253,3.836148048,0.032083106,1
crystalline_0111.jpg,0.414839784,141.5037637,0.180637839,0.989803862,4.208336875,0.032630671,1
crystalline_0112.jpg,0.347115474,39.72386873,0.023987271,0.9904459,3.472661484,0.000580414,1
crystalline_0112.jpg,0.475151443,54.55340955,0.169181214,0.993114131,2.77099415,0.02862257,1
crystalline_0112.jpg,0.384065211,58.28433012,0.027934189,0.987098559,3.281932446,0.000785798,1
crystalline_0112.jpg,0.474679558,54.25167623,0.169185425,0.993154375,2.770654661,0.028623995,1
crystalline_0113.jpg,0.292295907,37.09264883,0.024369598,0.987757721,3.878765517,0.000597999,1
crystalline_0113.jpg,0.422761299,61.61866855,0.169606997,0.993433842,3.280142068,0.028766784,1
crystalline_0113.jpg,0.314645353,55.74383152,0.0257166,0.982087823,3.76026265,0.00066593,1
crystalline_0113.jpg,0.422609106,61.54178848,0.169615691,0.993434664,3.281581366,0.028769733,1
crystalline_0114.jpg,0.238412616,155.7293392,0.01658303,0.980052012,6.887370557,0.000276595,1
crystalline_0114.jpg,0.414193016,113.0459262,0.224067422,0.988718394,5.078495379,0.050206569,1
crystalline_0114.jpg,0.513220331,84.72197515,0.348261223,0.990901316,4.153998354,0.121287183,1
crystalline_0114.jpg,0.407788296,120.9269522,0.224100377,0.985786603,5.403312995,0.050221337,1
crystalline_0115.jpg,0.223837801,106.6076819,0.022696816,0.956887151,6.065120967,0.000517588,1
crystalline_0115.jpg,0.378379011,77.3588945,0.18613636,0.989342281,4.375427289,0.034647007,1
crystalline_0115.jpg,0.364259821,140.0765988,0.211018338,0.982004303,5.743499935,0.044530317,1
crystalline_0115.jpg,0.37770578,79.78489431,0.186109386,0.989009374,4.420464462,0.034636962,1
crystalline_0116.jpg,0.472172279,18.43575384,0.045503564,0.987923348,2.207433373,0.002084555,1
crystalline_0116.jpg,0.572412271,48.50032085,0.182048998,0.993907259,2.006354679,0.033142849,1
crystalline_0116.jpg,0.56913028,81.47381806,0.174695954,0.989396599,2.140615592,0.03052334,1
crystalline_0116.jpg,0.574921753,49.1500785,0.181817198,0.993883356,2.000131898,0.033058439,1
crystalline_0117.jpg,0.270423372,389.097912,0.041443303,0.971103857,9.579324298,0.001725467,1
crystalline_0117.jpg,0.392404796,285.0060333,0.176714144,0.979670828,7.637549639,0.031228417,1
crystalline_0117.jpg,0.319007097,401.1712378,0.086404251,0.971064533,9.175809059,0.007470968,1
crystalline_0117.jpg,0.395307313,277.9035548,0.177369373,0.980183125,7.493034621,0.031460415,1
crystalline_0118.jpg,0.357953944,19.75286056,0.051097747,0.96134914,2.758529523,0.002626493,1
crystalline_0118.jpg,0.503888106,39.97074392,0.178470418,0.99307821,2.126299329,0.031852978,1
crystalline_0118.jpg,0.485082713,30.97341447,0.119894938,0.992286796,2.12404724,0.01438278,1
crystalline_0118.jpg,0.503133196,39.21668515,0.178476289,0.993273775,2.132425932,0.031855068,1
crystalline_0119.jpg,0.259089299,137.0203303,0.02048741,0.983905654,6.45440532,0.000422213,1
crystalline_0119.jpg,0.391182741,101.4917673,0.177854906,0.991782866,4.968129867,0.031632591,1
crystalline_0119.jpg,0.359571483,158.5231078,0.155033284,0.986565577,5.96090717,0.024037113,1
crystalline_0119.jpg,0.391886407,95.28263108,0.177865111,0.992293496,4.858580889,0.03163622,1
crystalline_0120.jpg,0.187910238,198.6660097,0.017444091,0.953063408,8.234008111,0.000306303,1
crystalline_0120.jpg,0.333242353,139.6213493,0.166224155,0.978351872,6.039610719,0.027631027,1
crystalline_0120.jpg,0.188124232,279.1604216,0.017617569,0.935241549,8.715566046,0.000313001,1
crystalline_0120.jpg,0.333106408,140.2783311,0.166254681,0.978246513,6.047152054,0.027641175,1
crystalline_0121.jpg,0.171521532,114.06307,0.01854649,0.955083861,7.18622863,0.000346528,1
crystalline_0121.jpg,0.313159227,124.7382123,0.169150327,0.983421572,6.007138217,0.02861227,1
crystalline_0121.jpg,0.249574909,112.2989461,0.080059956,0.977564087,6.240861757,0.006415328,1
crystalline_0121.jpg,0.314305494,121.124386,0.169193161,0.983897427,5.934781232,0.028626768,1
crystalline_0122.jpg,0.364659436,31.60675293,0.038598261,0.978593826,3.192753122,0.001500061,1
crystalline_0122.jpg,0.493749399,58.06472656,0.173654692,0.993519632,2.609441429,0.03015661,1
crystalline_0122.jpg,0.418090946,105.3735172,0.091926758,0.980703925,3.349190927,0.008455355,1
crystalline_0122.jpg,0.494178185,58.49633104,0.173673294,0.993491864,2.609752402,0.030163068,1
crystalline_0123.jpg,0.444181873,29.80501713,0.035172121,0.995929501,2.650716291,0.001244608,1
crystalline_0123.jpg,0.534892018,45.26655274,0.173113692,0.995514683,2.319963916,0.029968696,1
crystalline_0123.jpg,0.484374938,56.5810268,0.088186879,0.99334876,2.689009371,0.007780445,1
crystalline_0123.jpg,0.535450343,41.70274857,0.173122776,0.995638537,2.303928906,0.029971848,1
crystalline_0124.jpg,0.101847096,365.1217971,0.011029527,0.927204365,12.84875229,0.000122213,1
crystalline_0124.jpg,0.265518173,247.0675823,0.178491879,0.962929503,9.558618525,0.031859522,1
crystalline_0124.jpg,0.246127378,339.0094276,0.166860679,0.951963614,11.11811623,0.027844069,1
crystalline_0124.jpg,0.267566049,247.1324279,0.178480975,0.965638558,9.472495869,0.031855629,1
crystalline_0125.jpg,0.224945093,302.7887544,0.042055495,0.951373119,9.338148356,0.001773178,1
crystalline_0125.jpg,0.387141396,224.2729774,0.195915875,0.985829466,6.825817457,0.038383387,1
crystalline_0125.jpg,0.424397248,286.5909317,0.251086103,0.984063582,7.066007235,0.063046208,1
crystalline_0125.jpg,0.387309144,213.4195135,0.195767414,0.986418139,6.632267235,0.038325217,1
crystalline_0126.jpg,0.193390112,190.9967344,0.017844553,0.951893264,8.062497923,0.000320415,1
crystalline_0126.jpg,0.337431149,133.82662,0.166010442,0.977755261,5.85524804,0.027560041,1
crystalline_0126.jpg,0.203509823,274.0087893,0.022858334,0.936567969,8.446196026,0.000528503,1
crystalline_0126.jpg,0.337931258,135.277763,0.166050324,0.977604527,5.864646978,0.027573284,1
crystalline_0127.jpg,0.277863456,61.3222269,0.020405461,0.991505792,4.752247062,0.000421399,1
crystalline_0127.jpg,0.393278234,101.6482673,0.168096091,0.991533116,4.225631944,0.028256857,1
crystalline_0127.jpg,0.329334257,73.73096968,0.049446016,0.991726021,4.406115242,0.002451405,1
crystalline_0127.jpg,0.396465507,96.05858957,0.168080442,0.992102194,4.185273503,0.028251594,1
crystalline_0128.jpg,0.475187125,9.1770991,0.064948488,0.978270576,1.725218928,0.004247989,1
crystalline_0128.jpg,0.610658357,20.72464873,0.23466138,0.994223178,1.359496738,0.055067547,1
crystalline_0128.jpg,0.690469693,14.44703229,0.363397458,0.996711139,1.071944528,0.132060153,1
crystalline_0128.jpg,0.611113798,23.79869181,0.23478999,0.993245236,1.413526806,0.055127935,1
crystalline_0129.jpg,0.421762174,49.5825082,0.061052595,0.993774664,3.245442783,0.003729214,1
crystalline_0129.jpg,0.518982771,56.45037687,0.176197585,0.994500755,2.564506653,0.031045932,1
crystalline_0129.jpg,0.479393089,47.89374474,0.091923472,0.994481665,2.688131523,0.008452863,1
crystalline_0129.jpg,0.520735488,56.50810531,0.177007667,0.994609089,2.545010105,0.031332055,1
crystalline_0130.jpg,0.228330377,75.45919723,0.018889794,0.984833313,5.519821108,0.000359365,1
crystalline_0130.jpg,0.369080554,76.53630311,0.170665988,0.992489229,4.404636655,0.029127086,1
crystalline_0130.jpg,0.306439097,79.07944352,0.072232837,0.989376781,4.687292094,0.005220298,1
crystalline_0130.jpg,0.369012261,76.33696837,0.170675256,0.992542766,4.407329043,0.029130249,1
crystalline_0131.jpg,0.197428217,238.7467072,0.024574373,0.826892762,8.681076524,0.000606065,1
crystalline_0131.jpg,0.447995646,77.55003197,0.274521737,0.971071604,4.233154199,0.075362789,1
crystalline_0131.jpg,0.599884103,28.75455387,0.445407888,0.988843496,2.373716594,0.198389368,1
crystalline_0131.jpg,0.447896455,76.11095702,0.274617086,0.969163183,4.222073546,0.075415155,1
crystalline_0132.jpg,0.346082533,84.00437234,0.042061859,0.984107305,4.187398832,0.001775329,1
crystalline_0132.jpg,0.472485868,77.20090864,0.169833791,0.978388423,3.211925551,0.028844365,1
crystalline_0132.jpg,0.355407473,154.3284408,0.044493251,0.968614561,4.557186123,0.001988633,1
crystalline_0132.jpg,0.471567412,74.99009875,0.16979803,0.97867811,3.199607822,0.028832212,1
crystalline_0133.jpg,0.381992596,31.46513097,0.036523833,0.982616183,3.014270475,0.001343639,1
crystalline_0133.jpg,0.513541366,43.79882875,0.172299929,0.993139369,2.268145528,0.029687847,1
crystalline_0133.jpg,0.419008665,87.93595258,0.073362101,0.977481807,3.195149531,0.005387607,1
crystalline_0133.jpg,0.509845167,44.72088181,0.172183306,0.993033325,2.317801549,0.029647654,1
crystalline_0134.jpg,0.263934115,165.396566,0.024331829,0.979752724,7.501541448,0.000596329,1
crystalline_0134.jpg,0.411929425,115.0651626,0.172633346,0.990011802,5.352793668,0.02980247,1
crystalline_0134.jpg,0.357971864,110.0582882,0.094385433,0.98937044,5.508370279,0.008910922,1
crystalline_0134.jpg,0.415315645,110.1922443,0.172683753,0.990689174,5.210435676,0.029819881,1
crystalline_0135.jpg,0.333290995,106.1312469,0.049980181,0.975687233,5.513798273,0.002507748,1
crystalline_0135.jpg,0.435868007,166.073804,0.167016921,0.985974496,4.951336278,0.027895311,1
crystalline_0135.jpg,0.334037983,209.2510849,0.048892172,0.955083663,5.966182811,0.00240021,1
crystalline_0135.jpg,0.436044508,165.4964038,0.167034098,0.986012052,4.946658089,0.027901048,1
crystalline_0136.jpg,0.328268729,27.81239691,0.039917236,0.987789917,3.242154992,0.001602403,1
crystalline_0136.jpg,0.468947349,39.7217999,0.178648211,0.993743164,2.533503389,0.031915878,1
crystalline_0136.jpg,0.470178992,30.89568346,0.1417501,0.994585462,2.3708369,0.020096657,1
crystalline_0136.jpg,0.472918199,40.24409386,0.178827539,0.993703043,2.503443471,0.031980007,1
crystalline_0137.jpg,0.136565013,501.3763214,0.013495047,0.885540583,13.34391643,0.000182923,1
crystalline_0137.jpg,0.323229024,300.4150089,0.206884849,0.949078513,9.398053179,0.042801615,1
crystalline_0137.jpg,0.416144847,193.5423076,0.301330071,0.966713339,7.131620335,0.090801173,1
crystalline_0137.jpg,0.326105475,282.7167243,0.206965558,0.9515411,9.055440747,0.042835018,1
crystalline_0138.jpg,0.353292638,38.76964411,0.024551265,0.989989941,3.389705516,0.000607643,1
crystalline_0138.jpg,0.488312466,66.4207021,0.17721097,0.992026362,2.743847179,0.031404015,1
crystalline_0138.jpg,0.452189025,90.49929443,0.150088179,0.988039019,3.134492062,0.022528617,1
crystalline_0138.jpg,0.484763351,58.0963534,0.177211098,0.992738981,2.70031453,0.031404066,1
crystalline_0139.jpg,0.353702867,21.93067834,0.028867945,0.990812363,2.874010895,0.000838898,1
crystalline_0139.jpg,0.494211865,30.63417967,0.181199262,0.995267101,2.164257726,0.03283353,1
crystalline_0139.jpg,0.510074844,29.07067895,0.178041521,0.99563482,2.063161886,0.031700918,1
crystalline_0139.jpg,0.489234756,33.56591055,0.181231062,0.994847144,2.240190018,0.032845055,1
crystalline_0140.jpg,0.341236663,50.71721436,0.029697422,0.975785996,3.744067394,0.000887453,1
crystalline_0140.jpg,0.475513865,54.07543144,0.179500265,0.992466003,2.936683461,0.03222075,1
crystalline_0140.jpg,0.447630631,70.85762392,0.159476026,0.989260192,3.332298992,0.025435025,1
crystalline_0140.jpg,0.477962963,50.9587475,0.179461875,0.99301263,2.863343081,0.032206955,1
crystalline_0141.jpg,0.29955093,51.76362487,0.027143577,0.977885257,3.960061372,0.000742068,1
crystalline_0141.jpg,0.437419076,77.64693334,0.173862182,0.993172199,3.211423622,0.030228514,1
crystalline_0141.jpg,0.40980715,67.32239946,0.118225871,0.992444784,3.337097596,0.013981376,1
crystalline_0141.jpg,0.438313795,75.90457805,0.17395815,0.993290801,3.169476367,0.03026191,1
crystalline_0142.jpg,0.127901678,246.5506646,0.011873609,0.962125805,10.22712132,0.000141462,1
crystalline_0142.jpg,0.317719478,162.6475538,0.195251491,0.983604699,6.894388738,0.038123466,1
crystalline_0142.jpg,0.386377131,119.0395857,0.259960692,0.987336042,5.606952879,0.067581606,1
crystalline_0142.jpg,0.310039376,164.6115585,0.195250848,0.981888827,7.131241585,0.038123214,1
crystalline_0143.jpg,0.419328544,18.31671766,0.042622509,0.988206208,2.470842694,0.001827412,1
crystalline_0143.jpg,0.530310727,64.33000891,0.186523359,0.995072283,2.341678573,0.034791496,1
crystalline_0143.jpg,0.529007091,96.73550958,0.206590129,0.992956388,2.461879273,0.042681825,1
crystalline_0143.jpg,0.537022903,63.79561108,0.186556433,0.995085341,2.29330631,0.034803861,1
crystalline_0144.jpg,0.263323789,105.4980594,0.022792302,0.981266838,5.553924734,0.000522756,1
crystalline_0144.jpg,0.396683802,78.11917545,0.169717611,0.986430819,4.309748315,0.02880431,1
crystalline_0144.jpg,0.29645701,78.02112274,0.024927131,0.985977152,4.705236133,0.000625068,1
crystalline_0144.jpg,0.397039088,78.0385684,0.169723555,0.986438634,4.306453462,0.028806328,1
crystalline_0145.jpg,0.476555028,11.35767579,0.054104258,0.991871484,1.92409028,0.002947359,1
crystalline_0145.jpg,0.577368048,37.4349432,0.181074515,0.995062823,1.761978557,0.032789219,1
crystalline_0145.jpg,0.574035753,36.11255206,0.146335356,0.99418298,1.779278393,0.021420441,1
crystalline_0145.jpg,0.578113011,37.85816194,0.181305817,0.995046769,1.755984382,0.032873108,1
crystalline_0146.jpg,0.277614115,67.83904423,0.019984861,0.982572659,4.874710819,0.000402052,1
crystalline_0146.jpg,0.406255971,85.51881375,0.1737215,0.988446916,4.090723447,0.030179383,1
crystalline_0146.jpg,0.372966321,76.13137503,0.115017864,0.987988555,4.161926886,0.013231021,1
crystalline_0146.jpg,0.403761451,87.99174032,0.173721461,0.987999055,4.191807888,0.030179367,1
crystalline_0147.jpg,0.164989631,194.4122564,0.017994887,0.924384121,8.892848339,0.00032518,1
crystalline_0147.jpg,0.33063522,149.179965,0.170728138,0.984363409,6.192375715,0.029148334,1
crystalline_0147.jpg,0.280216865,118.5746893,0.077868399,0.979710555,5.81923033,0.006066434,1
crystalline_0147.jpg,0.332310831,145.8362395,0.170756831,0.984511544,6.104477177,0.029158133,1
crystalline_0148.jpg,0.170092674,330.8114553,0.013307271,0.94859039,10.89117721,0.000179381,1
crystalline_0148.jpg,0.34150781,220.8444385,0.201431804,0.97681423,7.742087448,0.040575127,1
crystalline_0148.jpg,0.402869807,288.6692603,0.285599425,0.970606048,8.160890275,0.081569166,1
crystalline_0148.jpg,0.349751692,202.4191992,0.201484045,0.976414866,7.368047999,0.040596172,1
crystalline_0149.jpg,0.145045416,178.6999447,0.015710139,0.933253359,9.033716432,0.000247833,1
crystalline_0149.jpg,0.298972893,152.1386709,0.170140264,0.985340646,6.744972164,0.028948125,1
crystalline_0149.jpg,0.225661342,226.2222953,0.100666173,0.970367261,8.704963633,0.010138518,1
crystalline_0149.jpg,0.299845774,153.5033136,0.170162691,0.985057471,6.771131054,0.028955758,1
crystalline_0150.jpg,0.197900017,214.5012902,0.016934842,0.961406456,7.903156474,0.000288298,1
crystalline_0150.jpg,0.355838922,158.0498001,0.177487972,0.98361642,5.897604493,0.031502182,1
crystalline_0150.jpg,0.320040731,218.8851804,0.154767926,0.976103616,6.889904083,0.02395481,1
crystalline_0150.jpg,0.355987908,155.6179401,0.177500205,0.983741421,5.858672304,0.031506526,1
crystalline_0151.jpg,0.375588004,25.76604957,0.023261172,0.995825457,2.857796309,0.000544968,1
crystalline_0151.jpg,0.4899218,51.12225286,0.169680326,0.994078571,2.510592573,0.028791656,1
crystalline_0151.jpg,0.415402353,53.04793381,0.037523575,0.992258121,2.838695248,0.001411836,1
crystalline_0151.jpg,0.489571272,51.09087008,0.169681218,0.994070454,2.510929338,0.028791959,1
crystalline_0152.jpg,0.373032419,43.69776252,0.031452035,0.981723182,3.432465342,0.000995634,1
crystalline_0152.jpg,0.506347013,49.19908582,0.175540753,0.993448739,2.627382269,0.03081507,1
crystalline_0152.jpg,0.455830528,77.01773236,0.126056106,0.987611962,3.199760531,0.015893711,1
crystalline_0152.jpg,0.50350736,51.9302353,0.175546939,0.993059781,2.714993949,0.030817243,1
crystalline_0153.jpg,0.302538457,69.62061467,0.036591612,0.933331291,4.420799103,0.001346902,1
crystalline_0153.jpg,0.452840003,84.14358175,0.174583969,0.993627802,3.228706209,0.030480073,1
crystalline_0153.jpg,0.415791579,81.4651862,0.093064551,0.989334123,3.3411626,0.008665862,1
crystalline_0153.jpg,0.45903447,79.35267606,0.174668543,0.993989018,3.064213485,0.030509622,1
crystalline_0154.jpg,0.43362511,29.61819306,0.038231809,0.99354077,2.764989025,0.00147184,1
crystalline_0154.jpg,0.563875432,24.05673159,0.219101188,0.995444041,2.072342542,0.048005835,1
crystalline_0154.jpg,0.609661135,29.16439836,0.333430397,0.99471869,2.012291636,0.111177348,1
crystalline_0154.jpg,0.55424836,25.39048187,0.219221106,0.994012733,2.174405751,0.048058426,1
crystalline_0155.jpg,0.166595446,251.2770939,0.021596297,0.941510985,9.791595742,0.000469209,1
crystalline_0155.jpg,0.320338424,162.9925509,0.171491428,0.961566389,7.159265448,0.029409839,1
crystalline_0155.jpg,0.181787268,258.0248744,0.030712168,0.939457163,9.713875157,0.000948283,1
crystalline_0155.jpg,0.320877583,162.4459692,0.171595256,0.961799085,7.144957467,0.029445473,1
crystalline_0156.jpg,0.240895245,171.6988911,0.026981233,0.959687276,7.397682634,0.000734462,1
crystalline_0156.jpg,0.38687816,141.4451342,0.169838374,0.984892086,5.680014373,0.028845396,1
crystalline_0156.jpg,0.291427098,139.2822925,0.033973533,0.970709784,6.090315695,0.001160914,1
crystalline_0156.jpg,0.38699524,141.4573002,0.169854398,0.984844519,5.661902315,0.02885084,1
crystalline_0157.jpg,0.179394601,138.3537824,0.020711097,0.950017757,7.120362627,0.000431225,1
crystalline_0157.jpg,0.345518212,80.32782303,0.171079317,0.974303277,4.705396345,0.029268373,1
crystalline_0157.jpg,0.238670895,162.0081692,0.075955382,0.949091857,6.883925045,0.005772084,1
crystalline_0157.jpg,0.343911763,84.80436383,0.171056477,0.973311324,4.793111191,0.029260555,1
crystalline_0158.jpg,0.289546349,47.98992861,0.035089808,0.967548721,4.192698849,0.001238971,1
crystalline_0158.jpg,0.425214832,99.36138566,0.168584299,0.990420118,3.54450911,0.028421704,1
crystalline_0158.jpg,0.352190223,92.45990733,0.053951112,0.976348878,3.915873686,0.002922462,1
crystalline_0158.jpg,0.423821514,99.53571064,0.168601684,0.990387727,3.544099796,0.028427562,1
crystalline_0159.jpg,0.155004935,353.8074169,0.01932636,0.931605611,11.37800336,0.000375883,1
crystalline_0159.jpg,0.306071928,259.1136851,0.169875897,0.948197825,8.765069079,0.028858119,1
crystalline_0159.jpg,0.185176682,366.4049465,0.04296485,0.927150797,11.18053269,0.001849398,1
crystalline_0159.jpg,0.30523978,258.2627105,0.169837013,0.947768171,8.77675266,0.028844904,1
crystalline_0160.jpg,0.480641084,19.06517671,0.062196137,0.989820425,2.245341278,0.003896612,1
crystalline_0160.jpg,0.595368286,46.52620036,0.218461546,0.994335487,1.995974233,0.047726679,1
crystalline_0160.jpg,0.666864916,32.61642424,0.323911826,0.996837057,1.588954817,0.104922433,1
crystalline_0160.jpg,0.615703282,43.44767048,0.219866005,0.994744936,1.795093343,0.048342315,1
crystalline_0161.jpg,0.247861772,106.2909282,0.01946421,0.984301574,6.013945681,0.00038071,1
crystalline_0161.jpg,0.390902543,86.74211066,0.173190844,0.99049574,4.40017946,0.029995264,1
crystalline_0161.jpg,0.360858449,76.75707484,0.111148641,0.990565267,4.352391105,0.012356023,1
crystalline_0161.jpg,0.38645973,86.2243883,0.173170967,0.990133963,4.470178263,0.029988378,1
crystalline_0162.jpg,0.168985512,193.5155677,0.018160438,0.955768793,8.414936249,0.000331375,1
crystalline_0162.jpg,0.352196054,141.0527289,0.202309259,0.989439798,5.802953809,0.040929336,1
crystalline_0162.jpg,0.397412128,188.9390143,0.283047045,0.988167609,6.312150289,0.080117114,1
crystalline_0162.jpg,0.345050573,146.8426467,0.201865687,0.989032764,6.046986399,0.040750049,1
crystalline_0163.jpg,0.089342935,748.6360087,0.00888516,0.889724583,17.75540512,7.92E-05,1
crystalline_0163.jpg,0.263929585,352.8506461,0.167694073,0.9663745,10.6452548,0.028121542,1
crystalline_0163.jpg,0.098316645,843.1842635,0.013514426,0.882605617,18.09335825,0.000185255,1
crystalline_0163.jpg,0.264367699,352.6118315,0.167710419,0.966546948,10.62899264,0.028127024,1
crystalline_0164.jpg,0.295785646,174.7161807,0.025884467,0.956196815,6.829583304,0.000675322,1
crystalline_0164.jpg,0.41987373,128.5210301,0.169857784,0.97699972,5.321100537,0.028851932,1
crystalline_0164.jpg,0.340808599,109.7262166,0.03651821,0.973924545,5.330906295,0.001338152,1
crystalline_0164.jpg,0.419027662,129.6504591,0.169863868,0.976539376,5.360339396,0.028853999,1
crystalline_0165.jpg,0.430290026,16.71731569,0.039370121,0.98999644,2.349002325,0.001559912,1
crystalline_0165.jpg,0.533117127,55.98250303,0.171810669,0.995218437,2.21118956,0.029519439,1
crystalline_0165.jpg,0.438936943,107.0393622,0.042527236,0.963576421,2.772215245,0.001818985,1
crystalline_0165.jpg,0.532760408,55.78970893,0.171801807,0.995233923,2.211675007,0.029516393,1
crystalline_0166.jpg,0.170141754,156.4161857,0.015240714,0.969660647,8.02801877,0.000233641,1
crystalline_0166.jpg,0.340586623,106.4443653,0.181007761,0.989393893,5.360022852,0.032764017,1
crystalline_0166.jpg,0.358347525,89.43595727,0.182847959,0.991191074,4.835323032,0.033435094,1
crystalline_0166.jpg,0.341315498,113.1066932,0.181028942,0.988926356,5.521048211,0.032771686,1
crystalline_0167.jpg,0.244084127,100.5072368,0.016275897,0.98765369,5.815205398,0.000266516,1
crystalline_0167.jpg,0.383110284,105.5725602,0.174192219,0.990211406,4.648758996,0.030343194,1
crystalline_0167.jpg,0.365623139,105.0588676,0.129483457,0.990486461,4.638791312,0.01676864,1
crystalline_0167.jpg,0.374327727,115.7926924,0.174156916,0.989496307,4.883113059,0.030330888,1
crystalline_0168.jpg,0.344985627,31.61164733,0.030225864,0.987230418,3.268894002,0.000919282,1
crystalline_0168.jpg,0.508241015,53.53286395,0.201845317,0.994457434,2.347092585,0.040741982,1
crystalline_0168.jpg,0.582393007,38.49568547,0.277561618,0.996628322,1.882588916,0.077042172,1
crystalline_0168.jpg,0.508883657,48.91631263,0.201631139,0.99499501,2.347647279,0.040655523,1
crystalline_0169.jpg,0.198342554,94.94916841,0.015993606,0.984715801,6.176916304,0.000257224,1
crystalline_0169.jpg,0.348276315,100.449799,0.169317835,0.989822065,4.841397332,0.028668991,1
crystalline_0169.jpg,0.305194209,90.81969102,0.092669247,0.989181343,4.87709716,0.008593281,1
crystalline_0169.jpg,0.34904609,103.965765,0.169347687,0.989541249,4.869958343,0.028679098,1
crystalline_0170.jpg,0.192557101,267.0107712,0.024766261,0.97026578,8.79715878,0.000615734,1
crystalline_0170.jpg,0.346999868,168.9973539,0.17836797,0.9760418,6.138307232,0.031815644,1
crystalline_0170.jpg,0.367469876,132.2472079,0.172101461,0.982755442,5.423187658,0.02962277,1
crystalline_0170.jpg,0.34833913,170.0898082,0.178299734,0.976669591,6.192754582,0.031791263,1
crystalline_0171.jpg,0.162359458,285.2721609,0.013649542,0.943926098,10.51562626,0.000187564,1
crystalline_0171.jpg,0.319118075,220.0155689,0.175922883,0.981406185,7.95840891,0.030949032,1
crystalline_0171.jpg,0.281717715,317.0268678,0.145171409,0.970858433,9.441662638,0.021076379,1
crystalline_0171.jpg,0.317608361,220.909542,0.175918592,0.981251933,8.014431997,0.03094752,1
crystalline_0172.jpg,0.208573893,130.9391222,0.024984566,0.951507801,6.74277484,0.000627592,1
crystalline_0172.jpg,0.357258161,87.58665527,0.166899643,0.963825466,4.968663289,0.027856229,1
crystalline_0172.jpg,0.238949155,167.7748364,0.045623786,0.937492957,6.737255937,0.002089252,1
crystalline_0172.jpg,0.357781483,85.43895303,0.166929007,0.963617956,4.928126499,0.027866032,1
crystalline_0173.jpg,0.271572214,42.44376598,0.021598278,0.991801186,4.32596569,0.000470337,1
crystalline_0173.jpg,0.406768574,54.65208994,0.17064713,0.993755883,3.335943179,0.0291207,1
crystalline_0173.jpg,0.364889192,53.05404293,0.081832163,0.992434912,3.353715495,0.006699349,1
crystalline_0173.jpg,0.410710177,56.79066342,0.170695817,0.993764211,3.329374316,0.029137313,1
crystalline_0174.jpg,0.176051518,165.2328647,0.018891354,0.964382773,8.141547783,0.000358599,1
crystalline_0174.jpg,0.331532723,128.8827125,0.170059524,0.98696498,6.031796469,0.028920518,1
crystalline_0174.jpg,0.216819887,118.728644,0.021435775,0.97457153,6.394107919,0.000461966,1
crystalline_0174.jpg,0.331574473,128.985641,0.17000313,0.986944218,6.031776869,0.028901334,1
crystalline_0175.jpg,0.556140194,14.3066863,0.037549538,0.997266337,1.748349257,0.001420966,1
crystalline_0175.jpg,0.64155474,17.70187506,0.172593213,0.997629473,1.450364592,0.029788774,1
crystalline_0175.jpg,0.580406905,28.67932757,0.06238644,0.995182139,1.788766974,0.003898935,1
crystalline_0175.jpg,0.641266337,17.37604467,0.172587094,0.997670617,1.451960277,0.029786659,1
crystalline_0176.jpg,0.192792042,102.9400958,0.020337515,0.967762208,6.517713253,0.000415485,1
crystalline_0176.jpg,0.358222624,83.87041676,0.171498365,0.991856943,4.548230822,0.029411994,1
crystalline_0176.jpg,0.320580705,72.70279158,0.095073411,0.990542964,4.423438015,0.009042358,1
crystalline_0176.jpg,0.358873063,83.01036297,0.171515528,0.992081407,4.550145622,0.029417883,1
crystalline_0177.jpg,0.28321076,41.74393088,0.021394773,0.990065852,3.996882392,0.00046062,1
crystalline_0177.jpg,0.422030001,40.05038417,0.176919272,0.991631733,3.151391015,0.031300732,1
crystalline_0177.jpg,0.417878534,38.02591708,0.148809308,0.99240387,3.039566465,0.022146583,1
crystalline_0177.jpg,0.427868497,37.18715917,0.176953522,0.992099495,3.021496545,0.031312855,1
crystalline_0178.jpg,0.136649891,224.3515599,0.012762175,0.962586439,9.706761624,0.000163437,1
crystalline_0178.jpg,0.315555013,150.1465035,0.187045091,0.983241474,6.616295643,0.034986128,1
crystalline_0178.jpg,0.355614363,112.7891239,0.218561254,0.986236873,5.646076626,0.047771049,1
crystalline_0178.jpg,0.307544137,149.1870053,0.187054955,0.981239642,6.850718444,0.03498982,1
crystalline_0179.jpg,0.209862729,111.841784,0.016795938,0.974958604,6.358867322,0.00028353,1
crystalline_0179.jpg,0.36862321,69.52527254,0.190154262,0.99043965,4.593370365,0.036159016,1
crystalline_0179.jpg,0.387072268,112.9580181,0.240391132,0.985610281,5.391836869,0.057790236,1
crystalline_0179.jpg,0.368152632,70.32802219,0.190168621,0.990228478,4.592660298,0.036164474,1
crystalline_0180.jpg,0.122615862,303.8593419,0.012474897,0.957583705,11.66122835,0.000156129,1
crystalline_0180.jpg,0.311428786,188.7769527,0.195284017,0.980257761,7.680216422,0.038136173,1
crystalline_0180.jpg,0.3823399,146.2156623,0.259971514,0.986180273,6.250293097,0.067587237,1
crystalline_0180.jpg,0.304242223,196.7184631,0.19522381,0.979192801,7.960747281,0.038112659,1
crystalline_0181.jpg,0.069958927,708.7099124,0.00931719,0.838983474,18.44438256,8.71E-05,1
crystalline_0181.jpg,0.273783843,395.2449084,0.209004341,0.946873197,12.20105853,0.043683083,1
crystalline_0181.jpg,0.36847082,280.1859908,0.307480714,0.965472026,9.751456606,0.094545716,1
crystalline_0181.jpg,0.271773931,412.0278751,0.208981204,0.945259776,12.52358274,0.04367341,1
crystalline_0182.jpg,0.237156547,98.50472249,0.018507986,0.981459031,5.910530092,0.000344091,1
crystalline_0182.jpg,0.384404656,97.26670841,0.168081233,0.990939294,4.431675116,0.028251582,1
crystalline_0182.jpg,0.238691576,155.0013212,0.018647798,0.971568145,6.178447765,0.000349506,1
crystalline_0182.jpg,0.384620643,97.13134066,0.168097889,0.990941347,4.425796963,0.028257181,1
crystalline_0183.jpg,0.361444973,33.10688458,0.035644542,0.985938308,3.260445261,0.001279218,1
crystalline_0183.jpg,0.488148299,51.64533595,0.17230138,0.994214283,2.597442331,0.029688271,1
crystalline_0183.jpg,0.407185149,92.09255965,0.078727194,0.982454524,3.357102675,0.006202402,1
crystalline_0183.jpg,0.487498617,52.7329855,0.172345045,0.994107182,2.62152691,0.029703324,1
crystalline_0184.jpg,0.171476382,380.1919492,0.020249866,0.904762626,10.59537288,0.000412037,1
crystalline_0184.jpg,0.331950804,286.3210504,0.16817314,0.980813703,7.549396569,0.028282587,1
crystalline_0184.jpg,0.21877186,250.0585544,0.024224371,0.938456041,8.018445724,0.00059024,1
crystalline_0184.jpg,0.331701862,286.9174492,0.168194186,0.980782356,7.558829095,0.028289665,1
crystalline_0185.jpg,0.238683721,160.6746418,0.020940744,0.958319994,7.205098489,0.000440819,1
crystalline_0185.jpg,0.388081496,126.8159381,0.168544085,0.983384306,5.15725855,0.028407442,1
crystalline_0185.jpg,0.307304639,125.5588321,0.033370042,0.971904183,5.473356254,0.001118748,1
crystalline_0185.jpg,0.386525764,129.4057944,0.168550243,0.983044479,5.220552019,0.028409516,1
crystalline_0186.jpg,0.336536615,57.23971384,0.030417695,0.973708358,4.039990352,0.00093075,1
crystalline_0186.jpg,0.495806413,64.78713194,0.224254397,0.993303669,3.124477315,0.050290501,1
crystalline_0186.jpg,0.563689374,86.44746487,0.34866777,0.992765781,2.966802788,0.121570604,1
crystalline_0186.jpg,0.501892607,66.091829,0.224378683,0.993053338,2.984477319,0.050346275,1
crystalline_0187.jpg,0.155082431,200.9819777,0.014763695,0.950896217,8.740758112,0.000219176,1
crystalline_0187.jpg,0.317708345,136.6150461,0.177540838,0.97288743,6.468420039,0.031521184,1
crystalline_0187.jpg,0.300997826,182.7831541,0.173149308,0.963662858,7.311663544,0.02998459,1
crystalline_0187.jpg,0.318747696,124.1333533,0.177565811,0.976433006,6.214101866,0.031530052,1
crystalline_0188.jpg,0.468887189,12.80139213,0.056052317,0.981890559,2.009373796,0.003163654,1
crystalline_0188.jpg,0.568203907,40.69227164,0.175072444,0.99437711,1.833536695,0.030651816,1
crystalline_0188.jpg,0.524561596,34.37899016,0.075050334,0.98808768,1.960964707,0.005648883,1
crystalline_0188.jpg,0.565537225,39.9488273,0.174879126,0.99447932,1.848576702,0.030584125,1
crystalline_0189.jpg,0.215631704,67.41205478,0.019375896,0.980921663,5.281929677,0.000377527,1
crystalline_0189.jpg,0.360321109,58.63231384,0.169069676,0.989942253,4.154605114,0.028584781,1
crystalline_0189.jpg,0.220390527,87.34436965,0.021543036,0.976255749,5.453336347,0.000467555,1
crystalline_0189.jpg,0.360150637,58.76195896,0.168969026,0.989907372,4.157886348,0.028550751,1
crystalline_0190.jpg,0.181641273,111.1186206,0.021364792,0.950297532,7.009907109,0.000458534,1
crystalline_0190.jpg,0.32709432,114.8592368,0.168165648,0.982676306,5.514336504,0.028280294,1
crystalline_0190.jpg,0.268747714,99.98578256,0.071084211,0.976826729,5.501242522,0.005060097,1
crystalline_0190.jpg,0.325256272,116.7428858,0.168198296,0.982498259,5.537359552,0.028291274,1
crystalline_0191.jpg,0.363260491,26.66446185,0.036395219,0.974699802,2.927355146,0.001332814,1
crystalline_0191.jpg,0.51544056,34.93190051,0.190860001,0.994785102,2.132185994,0.036428046,1
crystalline_0191.jpg,0.514043826,52.12227612,0.227967327,0.992981671,2.385958902,0.051971075,1
crystalline_0191.jpg,0.509275432,37.16612709,0.190790279,0.994588848,2.163193565,0.036401433,1
crystalline_0192.jpg,0.262511231,76.84057075,0.025264939,0.966632736,4.818659925,0.000641822,1
crystalline_0192.jpg,0.439288226,68.16818415,0.206847799,0.993336897,3.335734344,0.042786384,1
crystalline_0192.jpg,0.477776256,107.7301166,0.298536232,0.991121506,3.646078851,0.089125332,1
crystalline_0192.jpg,0.430652481,81.06710518,0.206742293,0.991986292,3.620604261,0.042742737,1
crystalline_0193.jpg,0.436786218,100.7487194,0.051987893,0.971844537,4.613239316,0.002708754,1
crystalline_0193.jpg,0.551530573,94.08851447,0.182114816,0.988033979,3.675917312,0.033166216,1
crystalline_0193.jpg,0.532482724,90.59360821,0.163968239,0.988037951,3.765901204,0.026888006,1
crystalline_0193.jpg,0.521324766,101.236649,0.180589155,0.987093132,3.979451385,0.032612826,1
crystalline_0194.jpg,0.164281318,280.8329579,0.01301841,0.959239463,9.812105124,0.00017019,1
crystalline_0194.jpg,0.356274943,174.081933,0.205516501,0.985619724,6.393176831,0.042237299,1
crystalline_0194.jpg,0.440556679,117.2459973,0.295081873,0.990835966,5.003249715,0.087074683,1
crystalline_0194.jpg,0.351084333,170.1685236,0.20551007,0.984346732,6.561750154,0.042234654,1
crystalline_0195.jpg,0.079797462,567.2134795,0.011863617,0.859373477,16.15574471,0.000141072,1
crystalline_0195.jpg,0.267632051,299.6592038,0.184899642,0.949509522,10.28900586,0.034188107,1
crystalline_0195.jpg,0.305278982,220.763459,0.210014976,0.963262123,8.542710815,0.04410812,1
crystalline_0195.jpg,0.266863575,307.9477313,0.184895295,0.949275201,10.42549399,0.034186499,1
crystalline_0196.jpg,0.056442053,822.9039234,0.007887573,0.857633956,20.87484672,6.22E-05,1
crystalline_0196.jpg,0.250881976,322.9650011,0.183530916,0.967514557,11.35787443,0.03368399,1
crystalline_0196.jpg,0.297039539,185.9046626,0.208316901,0.982806529,8.06774107,0.043399298,1
crystalline_0196.jpg,0.249726185,345.964779,0.183544416,0.965561607,11.64945214,0.033688945,1
crystalline_0197.jpg,0.175698569,301.9454019,0.022859705,0.932417296,10.05079756,0.000524594,1
crystalline_0197.jpg,0.354524116,117.615009,0.175723894,0.969007549,5.422834925,0.030879285,1
crystalline_0197.jpg,0.374904996,69.93556767,0.147684876,0.98388669,4.125966439,0.021814718,1
crystalline_0197.jpg,0.352459066,117.230476,0.175653849,0.96788406,5.458420072,0.030854671,1
crystalline_0198.jpg,0.236990143,182.1470341,0.021069836,0.957840955,7.245162232,0.000446777,1
crystalline_0198.jpg,0.381050999,120.8549189,0.16998431,0.980044149,5.280648653,0.028894885,1
crystalline_0198.jpg,0.312410334,111.2480069,0.049915512,0.977105281,5.39954741,0.002495071,1
crystalline_0198.jpg,0.380806209,122.5584369,0.169996634,0.97983905,5.31529944,0.028899076,1
crystalline_0199.jpg,0.172794701,195.6511195,0.018049108,0.929919407,8.636578068,0.000327404,1
crystalline_0199.jpg,0.338758482,125.0356198,0.169547216,0.975158497,5.854283858,0.028746454,1
crystalline_0199.jpg,0.188435023,233.8862676,0.026808228,0.926926471,8.75614089,0.000721744,1
crystalline_0199.jpg,0.338808281,124.4554914,0.169559042,0.975191285,5.844467846,0.028750464,1
crystalline_0200.jpg,0.107514781,400.5085567,0.014837867,0.873750746,12.95345591,0.000221137,1
crystalline_0200.jpg,0.284676286,241.7233179,0.180809752,0.92877176,8.880672386,0.032692372,1
crystalline_0200.jpg,0.271809028,334.5672497,0.182668681,0.916347336,10.4668206,0.033369426,1
crystalline_0200.jpg,0.281347197,257.8847023,0.180765704,0.932620554,9.214013909,0.03267644,1
crystalline_0201.jpg,0.196399504,111.1468072,0.020342699,0.951440112,6.671715531,0.000415997,1
crystalline_0201.jpg,0.440299145,90.64250025,0.289336821,0.990590976,4.560393264,0.08371645,1
crystalline_0201.jpg,0.570627246,94.76265675,0.467079352,0.990811712,3.817961957,0.218164226,1
crystalline_0201.jpg,0.437437653,83.659341,0.289330373,0.990965913,4.429511424,0.08371272,1
crystalline_0202.jpg,0.123173088,385.0383989,0.015231143,0.913203833,12.93791349,0.000232863,1
crystalline_0202.jpg,0.278799926,257.0106894,0.165993374,0.971858696,9.221280344,0.027554213,1
crystalline_0202.jpg,0.158715097,227.9744783,0.018395316,0.948922408,9.642815334,0.000342004,1
crystalline_0202.jpg,0.278062297,256.3989078,0.166026295,0.971811427,9.222275015,0.027565155,1
crystalline_0203.jpg,0.27869285,67.41591787,0.028987671,0.984913169,4.832764021,0.000842284,1
crystalline_0203.jpg,0.427040049,83.88476103,0.170284664,0.992424393,3.597063941,0.028997102,1
crystalline_0203.jpg,0.343401339,75.55874159,0.032425602,0.984579175,3.744570755,0.001054341,1
crystalline_0203.jpg,0.427229882,84.37668042,0.170290572,0.992385078,3.599698452,0.028999112,1
crystalline_0204.jpg,0.271922933,101.9888835,0.023933653,0.981295777,5.416029606,0.000576377,1
crystalline_0204.jpg,0.405324032,77.89582891,0.169955101,0.986541934,4.241715892,0.028884987,1
crystalline_0204.jpg,0.282510011,115.9383783,0.028978446,0.979006736,5.498961138,0.000844307,1
crystalline_0204.jpg,0.404904948,78.74443947,0.169955345,0.986541541,4.259070611,0.028885069,1
crystalline_0205.jpg,0.281739874,80.69744112,0.042553166,0.991211096,5.280825789,0.001812349,1
crystalline_0205.jpg,0.428808055,71.5096697,0.196221329,0.993994461,4.047643576,0.038503089,1
crystalline_0205.jpg,0.438187147,84.38987601,0.249850907,0.992512535,4.395076232,0.06242698,1
crystalline_0205.jpg,0.42774318,75.50002228,0.196934441,0.993796356,4.104134879,0.038783469,1
crystalline_0206.jpg,0.345386923,134.8593715,0.03121474,0.982216477,5.717233307,0.000980746,1
crystalline_0206.jpg,0.472288378,107.2806862,0.180294892,0.982331968,4.224574511,0.032506737,1
crystalline_0206.jpg,0.485303434,106.1758048,0.174702139,0.985814272,4.114725916,0.030524563,1
crystalline_0206.jpg,0.478479274,101.3342665,0.180434497,0.984977403,4.251246263,0.032557112,1
crystalline_0207.jpg,0.27743719,96.30230127,0.02430948,0.987092076,5.505827043,0.000594333,1
crystalline_0207.jpg,0.452174057,64.91076613,0.200221719,0.991978976,3.711838432,0.040089088,1
crystalline_0207.jpg,0.516742028,59.04892242,0.27386534,0.994130162,3.163923626,0.075003799,1
crystalline_0207.jpg,0.436578752,80.02243198,0.199865477,0.991472515,4.004598287,0.039946515,1
crystalline_0208.jpg,0.276243745,54.49148831,0.023956702,0.979565297,4.452233171,0.000577541,1
crystalline_0208.jpg,0.41363226,42.41268555,0.170099393,0.982879868,3.406520513,0.028934071,1
crystalline_0208.jpg,0.289941861,83.0751406,0.030666612,0.969225878,4.56797967,0.000944546,1
crystalline_0208.jpg,0.414634887,41.96628227,0.170115051,0.982940989,3.386105097,0.028939399,1
crystalline_0209.jpg,0.222486876,48.31144661,0.025268182,0.953464722,4.835802001,0.000642732,1
crystalline_0209.jpg,0.382879897,60.30172161,0.188920932,0.988655432,3.830153463,0.035691515,1
crystalline_0209.jpg,0.417281797,50.52278048,0.225329422,0.991353472,3.544761043,0.050775616,1
crystalline_0209.jpg,0.379303836,58.76263937,0.188871997,0.988892602,3.86312336,0.035673016,1
crystalline_0210.jpg,0.309539763,39.60528405,0.02171675,0.991113678,3.786335321,0.00047528,1
crystalline_0210.jpg,0.426223478,43.20930561,0.170310602,0.994157649,3.224940424,0.029005939,1
crystalline_0210.jpg,0.360550703,42.28613825,0.062239269,0.992362902,3.505643306,0.003876449,1
crystalline_0210.jpg,0.42548532,42.41336935,0.170300078,0.9943014,3.224880321,0.029002355,1
crystalline_0211.jpg,0.248729784,61.06916932,0.027512428,0.936736507,4.923822713,0.000760921,1
crystalline_0211.jpg,0.400928923,65.69639357,0.169094244,0.990826863,3.630477688,0.028593334,1
crystalline_0211.jpg,0.251871568,120.2125172,0.02792644,0.904727778,5.307942676,0.000785082,1
crystalline_0211.jpg,0.40063948,65.90131857,0.169105547,0.990798234,3.638070007,0.028597156,1
crystalline_0212.jpg,0.135411949,334.445384,0.011461533,0.9569581,11.32376556,0.000131974,1
crystalline_0212.jpg,0.298079113,232.625919,0.17019499,0.983231701,8.078955242,0.028966562,1
crystalline_0212.jpg,0.243808464,191.4561884,0.083047855,0.9827278,7.746447221,0.006900036,1
crystalline_0212.jpg,0.297030671,238.1388634,0.170201548,0.98256966,8.130429545,0.028968793,1
crystalline_0213.jpg,0.326221466,28.35169662,0.027283798,0.985942572,3.253022709,0.000749224,1
crystalline_0213.jpg,0.472930087,49.1340761,0.204771062,0.99320489,2.694954137,0.04193157,1
crystalline_0213.jpg,0.520225865,76.71351031,0.292371413,0.991500642,2.698165335,0.085482502,1
crystalline_0213.jpg,0.470917626,54.32480726,0.204722129,0.992797349,2.763570478,0.041911526,1
crystalline_0214.jpg,0.090934887,467.6074694,0.012972696,0.873347376,14.44398557,0.000168629,1
crystalline_0214.jpg,0.268270017,233.1861489,0.167281465,0.967001476,8.792415135,0.027983383,1
crystalline_0214.jpg,0.096073979,530.4416516,0.014368775,0.863142087,14.78313769,0.000208554,1
crystalline_0214.jpg,0.268335069,232.7304223,0.167299607,0.967075137,8.783258067,0.027989453,1
crystalline_0215.jpg,0.219673363,59.99670417,0.026283839,0.958982908,5.034455407,0.000694388,1
crystalline_0215.jpg,0.381031074,40.30677733,0.177316667,0.980811811,3.543383509,0.031441543,1
crystalline_0215.jpg,0.330887931,79.45057822,0.146477926,0.965530478,4.558525995,0.021457776,1
crystalline_0215.jpg,0.380169915,42.66169343,0.17729433,0.98017545,3.588615888,0.031433617,1
crystalline_0216.jpg,0.208294022,70.59754474,0.019010736,0.977520783,5.485617533,0.000363328,1
crystalline_0216.jpg,0.357125678,61.42368085,0.168035292,0.989046521,4.185606471,0.028236165,1
crystalline_0216.jpg,0.230623943,117.0624967,0.035917354,0.967624394,5.667638637,0.001294417,1
crystalline_0216.jpg,0.35701624,60.74866314,0.168045655,0.989142552,4.186322752,0.028239647,1
crystalline_0217.jpg,0.495160019,19.40478117,0.047042815,0.991843396,2.090889818,0.002232505,1
crystalline_0217.jpg,0.606719697,57.38620535,0.17173587,0.993942124,1.828283103,0.02949453,1
crystalline_0217.jpg,0.518603835,61.72513251,0.049283839,0.978086204,2.376359955,0.002447227,1
crystalline_0217.jpg,0.605753713,57.04010675,0.171751516,0.993992997,1.831890993,0.0294999,1
crystalline_0218.jpg,0.294570192,47.59412847,0.025454506,0.98353634,3.995599684,0.000652643,1
crystalline_0218.jpg,0.437379501,80.29368188,0.183130221,0.992892845,3.250253841,0.033537185,1
crystalline_0218.jpg,0.425711908,131.747737,0.202450898,0.989368733,3.693551964,0.04098954,1
crystalline_0218.jpg,0.438216185,77.28885537,0.183169678,0.993300594,3.222597246,0.03355163,1
crystalline_0219.jpg,0.237653163,140.7538509,0.026759953,0.952762187,6.094997222,0.000719334,1
crystalline_0219.jpg,0.395375975,137.3750072,0.171568945,0.989887009,4.554019066,0.029436473,1
crystalline_0219.jpg,0.312946522,246.4362551,0.10335949,0.974408019,5.994833158,0.010688266,1
crystalline_0219.jpg,0.397898113,144.4641022,0.17178918,0.989395651,4.514080277,0.02951213,1
crystalline_0220.jpg,0.256003073,76.82258687,0.02031365,0.989185713,5.16361356,0.000415617,1
crystalline_0220.jpg,0.391302186,92.69873689,0.167380543,0.993022234,4.037906574,0.028016614,1
crystalline_0220.jpg,0.287992841,78.11620764,0.021825079,0.989028578,4.556587506,0.000480065,1
crystalline_0220.jpg,0.391389893,92.40574497,0.16739553,0.993043224,4.034199543,0.02802163,1
waffled_0029.jpg,0.152818531,84.53966357,0.019763129,0.935020208,6.78179665,0.000392159,2
waffled_0029.jpg,0.349733808,69.71306495,0.217123628,0.987956344,4.890371413,0.047143037,2
waffled_0029.jpg,0.452767437,52.42411294,0.329641637,0.992772026,3.892800613,0.108664974,2
waffled_0029.jpg,0.348660307,72.3254751,0.217124591,0.98756592,4.940825901,0.047143452,2
waffled_0051.jpg,0.274537809,501.4981382,0.022261279,0.933322878,10.71946359,0.000495692,2
waffled_0051.jpg,0.43678267,338.7994647,0.215769095,0.973316009,8.391762627,0.046556892,2
waffled_0051.jpg,0.485195901,488.7960658,0.329915406,0.96798936,9.13583221,0.108846261,2
waffled_0051.jpg,0.436254668,343.4988491,0.215769678,0.972885057,8.411567069,0.046557142,2
waffled_0053.jpg,0.276580809,52.39742779,0.026730429,0.9843816,4.733748346,0.000722302,2
waffled_0053.jpg,0.402311202,87.54434817,0.181234205,0.991873337,4.046274782,0.032846193,2
waffled_0053.jpg,0.389955186,136.7045412,0.189125224,0.98671731,4.619211511,0.035771262,2
waffled_0053.jpg,0.403329903,85.67530749,0.181136248,0.991792628,3.995750719,0.032810711,2
waffled_0054.jpg,0.233479248,81.03666352,0.019918719,0.976404558,5.345627615,0.000398632,2
waffled_0054.jpg,0.377134635,98.91601019,0.170684224,0.987374066,4.324649378,0.029133706,2
waffled_0054.jpg,0.335795366,95.92935767,0.105369881,0.985724282,4.544664182,0.011108507,2
waffled_0054.jpg,0.376823679,102.8893362,0.170652447,0.987310146,4.373238084,0.029122841,2
waffled_0056.jpg,0.166621312,163.7218539,0.015532633,0.96222639,7.670173822,0.000242055,2
waffled_0056.jpg,0.381314216,101.9128191,0.234190525,0.986863899,5.113198611,0.054845586,2
waffled_0056.jpg,0.473888276,129.0630896,0.37323693,0.984259015,5.09856528,0.13930704,2
waffled_0056.jpg,0.381657953,110.134752,0.234163028,0.986307521,5.209826204,0.054832708,2
waffled_0057.jpg,0.33584382,60.46291349,0.050157014,0.889182303,4.441560084,0.002530318,2
waffled_0057.jpg,0.487901948,31.00236982,0.223267532,0.949516756,2.915126789,0.049849269,2
waffled_0057.jpg,0.516918038,49.84889576,0.340010471,0.924306228,3.483639591,0.115609131,2
waffled_0057.jpg,0.4878791,29.34982486,0.223690643,0.951971176,2.852287408,0.050038675,2
waffled_0058.jpg,0.161645181,342.3858375,0.013277377,0.954002644,10.8488125,0.000177236,2
waffled_0058.jpg,0.339846885,264.461505,0.21804744,0.973853432,8.609364447,0.047544995,2
waffled_0058.jpg,0.434303246,211.8832813,0.333058122,0.980695769,7.344508955,0.11092902,2
waffled_0058.jpg,0.343018465,252.5109561,0.218043978,0.975194123,8.330116502,0.047543489,2
waffled_0059.jpg,0.173658131,132.2532478,0.014059124,0.977439068,7.457294035,0.000198494,2
waffled_0059.jpg,0.417194682,101.4140814,0.277814496,0.990765917,4.896772763,0.07718155,2
waffled_0059.jpg,0.5452233,117.0045371,0.451465599,0.990864103,4.306087619,0.203822452,2
waffled_0059.jpg,0.414610677,110.1810618,0.277832164,0.989905005,5.060089817,0.077191365,2
waffled_0060.jpg,0.70505689,62.8882031,0.362244497,0.921651545,3.138618506,0.131352875,2
waffled_0060.jpg,0.725589253,119.8963802,0.326323034,0.986858152,2.986508586,0.106487094,2
waffled_0060.jpg,0.703688087,135.388996,0.361789922,0.845726011,3.497819246,0.13102311,2
waffled_0060.jpg,0.725694926,119.868378,0.326384216,0.986862678,2.985583965,0.106527024,2
waffled_0061.jpg,0.156691429,191.4701689,0.015637911,0.947958297,8.540535318,0.000246339,2
waffled_0061.jpg,0.310559638,155.8098485,0.174079225,0.976185949,6.688124882,0.030304119,2
waffled_0061.jpg,0.280856389,236.78248,0.153961457,0.962375816,7.848644208,0.023709573,2
waffled_0061.jpg,0.312488437,145.2977821,0.174129983,0.97748871,6.483118089,0.030321797,2
waffled_0063.jpg,0.218495232,204.4141592,0.019707311,0.970931771,7.58051739,0.000389942,2
waffled_0063.jpg,0.360075743,177.064952,0.178120835,0.981306785,6.312244591,0.031727609,2
waffled_0063.jpg,0.354481153,222.0023324,0.176791005,0.976658534,6.658574711,0.031259289,2
waffled_0063.jpg,0.364078769,178.6736289,0.178207326,0.980892149,6.232913861,0.031758443,2
waffled_0068.jpg,0.250710626,29.83236852,0.036952907,0.906960281,3.95127629,0.001378927,2
waffled_0068.jpg,0.402550506,49.90531209,0.179455814,0.992238295,3.13990861,0.032204849,2
waffled_0068.jpg,0.362898724,77.14575085,0.158596254,0.986713819,3.759562751,0.025155207,2
waffled_0068.jpg,0.402301852,49.41097637,0.179460169,0.992280957,3.145980115,0.03220643,2
waffled_0070.jpg,0.26782707,21.02481002,0.03426671,0.965512802,3.432850319,0.001183545,2
waffled_0070.jpg,0.411815789,65.12030951,0.171703542,0.994935641,2.865606895,0.02948249,2
waffled_0070.jpg,0.267804991,66.60058566,0.034226598,0.902104133,3.657552713,0.001180848,2
waffled_0070.jpg,0.411797824,65.0661463,0.171707111,0.994939432,2.865663833,0.029483715,2
waffled_0074.jpg,0.143119555,128.6922195,0.014042701,0.967074771,8.085469845,0.000200023,2
waffled_0074.jpg,0.31234558,102.0650639,0.193057163,0.984287292,6.183954878,0.037271269,2
waffled_0074.jpg,0.353720401,119.5079871,0.248167506,0.982618503,6.382310917,0.061588532,2
waffled_0074.jpg,0.311473174,103.6252217,0.193058822,0.984086252,6.216789225,0.03727191,2
waffled_0075.jpg,0.171113592,132.2633723,0.013356551,0.985411513,7.547090026,0.000180377,2
waffled_0075.jpg,0.352006354,134.7075394,0.199424965,0.989263157,5.615087306,0.039770812,2
waffled_0075.jpg,0.424667521,116.9121947,0.277475815,0.991655188,4.94529133,0.076995659,2
waffled_0075.jpg,0.350004332,130.2472646,0.199607688,0.989551607,5.652844442,0.039843734,2
waffled_0077.jpg,0.22740648,103.9289311,0.019182619,0.974141504,5.856812658,0.000371169,2
waffled_0077.jpg,0.381565338,116.5442725,0.201812477,0.987334541,4.861775793,0.040728846,2
waffled_0077.jpg,0.444579605,140.6580284,0.287596905,0.986753764,4.649470659,0.082714818,2
waffled_0077.jpg,0.385507605,107.8978973,0.201866051,0.988147397,4.753963266,0.040750478,2
waffled_0081.jpg,0.177433685,78.77038265,0.03437325,0.876126756,6.148290733,0.001183102,2
waffled_0081.jpg,0.356326952,86.35198552,0.170717372,0.988405304,4.551617876,0.029144938,2
waffled_0081.jpg,0.177553845,116.2352939,0.03431672,0.831750694,6.37363722,0.001179213,2
waffled_0081.jpg,0.356294502,86.36291706,0.170725236,0.988401855,4.552899447,0.029147624,2
waffled_0085.jpg,0.167062704,108.9234027,0.016529089,0.96825453,7.248801593,0.000275528,2
waffled_0085.jpg,0.326404208,96.71416638,0.169341194,0.987100451,5.339131504,0.028676811,2
waffled_0085.jpg,0.240693566,138.983785,0.089865118,0.975218579,6.925307662,0.008080466,2
waffled_0085.jpg,0.326039308,96.15576711,0.169356584,0.987329073,5.336251186,0.028682023,2
waffled_0090.jpg,0.427553368,260.7723341,0.088820426,0.934064294,7.309882516,0.007987624,2
waffled_0090.jpg,0.566454591,191.6151767,0.206789445,0.985684069,5.07829621,0.042764584,2
waffled_0090.jpg,0.573070621,270.0825601,0.257896722,0.982314025,5.698050298,0.066520625,2
waffled_0090.jpg,0.567356726,189.6789404,0.20690576,0.98581431,5.043307345,0.042812723,2
waffled_0096.jpg,0.108624269,198.4291677,0.015065171,0.946411273,10.19106325,0.000227682,2
waffled_0096.jpg,0.30241956,152.0581673,0.190408116,0.984577246,6.772596929,0.036255766,2
waffled_0096.jpg,0.326665581,244.1731558,0.246964789,0.977774284,8.382253489,0.060995226,2
waffled_0096.jpg,0.30249898,150.3673054,0.19042858,0.984859358,6.752689526,0.036263559,2
waffled_0098.jpg,0.253703931,115.8312322,0.01784064,0.983399889,5.727514679,0.000320385,2
waffled_0098.jpg,0.389036665,119.6056954,0.168790392,0.9871622,4.724642331,0.028490534,2
waffled_0098.jpg,0.287031322,186.3961188,0.049379684,0.976124197,5.926264929,0.002442036,2
waffled_0098.jpg,0.39123193,118.8982299,0.168816515,0.987212246,4.66384227,0.028499356,2
waffled_0099.jpg,0.140941874,216.8993419,0.012331034,0.961805596,9.873028763,0.000153041,2
waffled_0099.jpg,0.325419598,188.2521771,0.205718822,0.976385125,7.602847716,0.04232083,2
waffled_0099.jpg,0.413894842,153.3705932,0.302068862,0.981247308,6.434679994,0.091248556,2
waffled_0099.jpg,0.323523818,196.0161077,0.205746448,0.974942566,7.741513343,0.042332196,2
waffled_0100.jpg,0.221191496,74.8566945,0.020548993,0.972626762,5.602544665,0.000424863,2
waffled_0100.jpg,0.36058428,99.34807634,0.170426129,0.987586214,4.558251429,0.029045668,2
waffled_0100.jpg,0.30391716,152.3770455,0.107645925,0.975390668,5.488848731,0.011593657,2
waffled_0100.jpg,0.356058124,102.4745261,0.170435888,0.986927312,4.712804615,0.029048993,2
waffled_0101.jpg,0.164956768,145.1576444,0.014394831,0.969304033,7.705583741,0.000208431,2
waffled_0101.jpg,0.340797181,120.2165396,0.207802968,0.985398569,5.755277839,0.043182491,2
waffled_0101.jpg,0.433970596,85.37184539,0.303470956,0.990305267,4.558251108,0.09209662,2
waffled_0101.jpg,0.348584639,109.0364278,0.207830755,0.985936849,5.52897608,0.043194043,2
waffled_0102.jpg,0.162856121,123.6679632,0.013992013,0.972871427,7.66414302,0.000196699,2
waffled_0102.jpg,0.314025826,102.177052,0.168782298,0.987918857,5.922441578,0.028487615,2
waffled_0102.jpg,0.199852789,102.9227204,0.022360235,0.979273551,6.40227537,0.000502138,2
waffled_0102.jpg,0.313957419,102.0826809,0.168789842,0.987936298,5.91783516,0.028490161,2
waffled_0103.jpg,0.364215851,26.34151839,0.029447625,0.991044832,2.894224439,0.000873859,2
waffled_0103.jpg,0.485272889,25.14573136,0.171408188,0.994849553,2.231858103,0.029381113,2
waffled_0103.jpg,0.39424859,54.30078941,0.055429785,0.985076613,2.987057285,0.003076805,2
waffled_0103.jpg,0.484991328,25.0380768,0.171434904,0.994843292,2.232908117,0.029390274,2
waffled_0104.jpg,0.346212374,22.57858953,0.027460884,0.991363302,2.976835842,0.000759371,2
waffled_0104.jpg,0.454568707,56.32054972,0.169428185,0.992844516,2.69573882,0.028706305,2
waffled_0104.jpg,0.379617514,47.04239487,0.034639647,0.986026408,2.94949525,0.001205256,2
waffled_0104.jpg,0.452915186,56.33908401,0.169431168,0.992841177,2.709354919,0.028707316,2
waffled_0105.jpg,0.147348882,207.2387068,0.013704711,0.960716338,9.787187171,0.000188871,2
waffled_0105.jpg,0.299128477,144.2485684,0.168196433,0.978611945,7.188391793,0.028290313,2
waffled_0105.jpg,0.189002747,252.826976,0.051448913,0.957142587,9.670703982,0.002650937,2
waffled_0105.jpg,0.297586402,145.371936,0.168203752,0.978524571,7.226984071,0.028292774,2
waffled_0106.jpg,0.285470219,47.17998179,0.018686856,0.993620272,4.168596531,0.000351532,2
waffled_0106.jpg,0.417035183,81.54746741,0.189128081,0.992441063,3.733210103,0.035769715,2
waffled_0106.jpg,0.443650572,113.4540256,0.228083477,0.989715343,3.742979531,0.05202377,2
waffled_0106.jpg,0.417710975,76.10128506,0.189140773,0.992838318,3.695152267,0.035774517,2
waffled_0107.jpg,0.393986636,16.03916706,0.029257409,0.99521971,2.513786577,0.000863128,2
waffled_0107.jpg,0.508260149,30.00442615,0.171319893,0.995641441,2.132877458,0.02935082,2
waffled_0107.jpg,0.421975409,59.8042352,0.052831454,0.986693021,2.673462374,0.002795681,2
waffled_0107.jpg,0.510054365,29.76024319,0.171356486,0.995640306,2.114772856,0.029363362,2
waffled_0108.jpg,0.217447309,135.3283598,0.026255708,0.982735549,7.211068552,0.000695127,2
waffled_0108.jpg,0.354834845,154.4736954,0.167711418,0.987975406,6.161941359,0.028127947,2
waffled_0108.jpg,0.262475306,147.9926579,0.047174117,0.984023657,6.797657912,0.002237479,2
waffled_0108.jpg,0.354878692,150.709962,0.16766832,0.988277987,6.119921477,0.028113477,2
waffled_0109.jpg,0.335130467,45.24575438,0.022629734,0.991177962,3.812050569,0.000516608,2
waffled_0109.jpg,0.448371775,58.04700606,0.169882977,0.994078743,3.262294146,0.028860431,2
waffled_0109.jpg,0.350426033,102.4370471,0.033878646,0.9829352,4.072680833,0.001152628,2
waffled_0109.jpg,0.448599961,58.9833622,0.169880129,0.994017542,3.264516034,0.028859463,2
waffled_0110.jpg,0.180960559,108.4740804,0.022164916,0.956192752,7.172495724,0.000496818,2
waffled_0110.jpg,0.326097166,90.50955585,0.170713125,0.972080281,5.744223174,0.029143529,2
waffled_0110.jpg,0.268989789,117.3290041,0.110621465,0.961352033,6.608161281,0.012243269,2
waffled_0110.jpg,0.326026204,89.13747949,0.170718171,0.972322276,5.725735621,0.029145258,2
waffled_0111.jpg,0.328999893,88.30641917,0.038614005,0.908034265,4.4402273,0.001501457,2
waffled_0111.jpg,0.467290794,52.24994824,0.178880829,0.963239008,3.127035001,0.031998842,2
waffled_0111.jpg,0.463710716,43.08009679,0.149307866,0.96823185,2.924581224,0.022295734,2
waffled_0111.jpg,0.469601181,48.70957292,0.179162251,0.964589793,3.039225391,0.032099647,2
waffled_0112.jpg,0.325559259,26.51552051,0.027200652,0.989887727,3.152282708,0.000745462,2
waffled_0112.jpg,0.463959392,42.47863124,0.182316321,0.993784607,2.546272847,0.033239541,2
waffled_0112.jpg,0.452355119,79.41028087,0.186719368,0.988950726,2.882250827,0.034865932,2
waffled_0112.jpg,0.466304948,40.38678914,0.18238475,0.994054444,2.516225016,0.033264499,2
waffled_0113.jpg,0.319676068,79.10476068,0.032158788,0.984709218,4.71692062,0.001041366,2
waffled_0113.jpg,0.45595735,52.91483286,0.184083541,0.99133914,3.487523747,0.033887108,2
waffled_0113.jpg,0.443135945,76.98504225,0.193376097,0.987518319,4.098424955,0.037396368,2
waffled_0113.jpg,0.458818301,48.97660851,0.184066319,0.991682291,3.382369517,0.033880767,2
waffled_0114.jpg,0.228286459,49.93666264,0.019643676,0.991239043,4.883029555,0.000388148,2
waffled_0114.jpg,0.369154317,48.8776477,0.169859785,0.993163383,3.851613949,0.028852544,2
waffled_0114.jpg,0.249836803,77.08046089,0.03466958,0.987184313,4.967742988,0.001204943,2
waffled_0114.jpg,0.369334051,49.40161956,0.169869634,0.99302852,3.853520718,0.028855891,2
waffled_0115.jpg,0.254488439,83.90576163,0.020691999,0.990517797,5.578170552,0.000431068,2
waffled_0115.jpg,0.376043492,85.78733694,0.169732348,0.991382321,4.821501231,0.028809526,2
waffled_0115.jpg,0.273569825,112.5342614,0.034399347,0.987590726,5.678242045,0.001189095,2
waffled_0115.jpg,0.37736555,85.42724744,0.169757382,0.991386727,4.779649221,0.028818026,2
waffled_0116.jpg,0.41949398,8.312765253,0.037179055,0.992846325,1.987183179,0.001392147,2
waffled_0116.jpg,0.524805845,37.35977523,0.177077492,0.994868134,1.833430615,0.031357066,2
waffled_0116.jpg,0.515050245,36.68008686,0.133683023,0.993909142,1.887884379,0.017874532,2
waffled_0116.jpg,0.521035987,36.11728338,0.177275438,0.994934402,1.850173531,0.031427253,2
waffled_0117.jpg,0.305985859,29.84122369,0.021895766,0.99286878,3.440523889,0.000482801,2
waffled_0117.jpg,0.437424188,69.54897032,0.187186137,0.993998811,3.079190158,0.035039135,2
waffled_0117.jpg,0.478388986,57.12966016,0.222023832,0.995307321,2.760339948,0.049297613,2
waffled_0117.jpg,0.445582143,62.48844123,0.187267206,0.99430999,2.958826686,0.035069511,2
waffled_0119.jpg,0.124105016,166.229665,0.014166375,0.953018743,9.291009805,0.000201313,2
waffled_0119.jpg,0.336606566,99.12480082,0.206197926,0.981666711,5.495040603,0.042517875,2
waffled_0119.jpg,0.388496641,166.5585393,0.299227357,0.97446629,6.716914349,0.089538474,2
waffled_0119.jpg,0.337254587,102.9110865,0.206197669,0.982243979,5.493627346,0.042517769,2
waffled_0120.jpg,0.37994719,32.99098708,0.044764686,0.964485581,3.237070188,0.002013762,2
waffled_0120.jpg,0.496911502,63.81875232,0.173057449,0.991380447,2.863234796,0.029950282,2
waffled_0120.jpg,0.427627389,110.5131571,0.086375392,0.973380045,3.453714188,0.007468823,2
waffled_0120.jpg,0.499467316,63.95086329,0.173282665,0.991365534,2.840823999,0.030028345,2
waffled_0121.jpg,0.213186991,35.65827521,0.026934102,0.955583864,4.506898703,0.000731421,2
waffled_0121.jpg,0.358946524,58.794146,0.168960272,0.989720027,3.69547442,0.02854803,2
waffled_0121.jpg,0.280570597,59.12862198,0.059722594,0.977200164,4.119106122,0.003573093,2
waffled_0121.jpg,0.358387766,59.39338551,0.168980515,0.989613659,3.709206006,0.028554871,2
waffled_0122.jpg,0.143677859,103.546295,0.018929543,0.926135058,7.368181223,0.000360284,2
waffled_0122.jpg,0.300107431,79.64078648,0.169223131,0.978226677,5.550622018,0.0286367,2
waffled_0122.jpg,0.167058608,128.4299735,0.034523793,0.929034553,7.418818656,0.001194559,2
waffled_0122.jpg,0.29986502,80.4784573,0.169225576,0.97802865,5.568801873,0.028637527,2
waffled_0123.jpg,0.204588983,65.41888573,0.019255646,0.975772005,5.334726975,0.000373245,2
waffled_0123.jpg,0.357290241,59.16014619,0.170400738,0.990353348,4.041137336,0.029036606,2
waffled_0123.jpg,0.288954273,55.1543876,0.069463714,0.986492344,4.245994063,0.004827805,2
waffled_0123.jpg,0.356735015,57.3297601,0.170406014,0.990576852,4.041402732,0.029038404,2
waffled_0124.jpg,0.107132399,178.1616617,0.018518479,0.795733681,9.980843699,0.000344973,2
waffled_0124.jpg,0.272545255,134.6637707,0.172527205,0.98689738,7.056667553,0.029765816,2
waffled_0124.jpg,0.193264877,238.9585975,0.099953244,0.964901164,9.471319948,0.009992388,2
waffled_0124.jpg,0.272521608,135.1959478,0.172531292,0.986816662,7.076713342,0.029767226,2
waffled_0125.jpg,0.205626696,69.98980145,0.016326998,0.988414904,5.822360276,0.00026815,2
waffled_0125.jpg,0.342067673,76.52673749,0.174781254,0.991160841,4.87031222,0.030548677,2
waffled_0125.jpg,0.302702056,103.4475039,0.126750845,0.987462962,5.421255557,0.016067522,2
waffled_0125.jpg,0.346741714,73.54537748,0.174787088,0.991584692,4.774064276,0.030550716,2
waffled_0126.jpg,0.326289129,37.52907151,0.027316463,0.981627266,3.702996384,0.000751136,2
waffled_0126.jpg,0.448717825,43.49091781,0.170925184,0.991991383,3.072837916,0.029215756,2
waffled_0126.jpg,0.380817198,48.33123819,0.060102626,0.985268867,3.465473652,0.00361555,2
waffled_0126.jpg,0.449067482,43.79984724,0.170922931,0.991920254,3.077747214,0.029214984,2
waffled_0127.jpg,0.249815991,38.6400258,0.019837433,0.989448067,4.257135273,0.000395334,2
waffled_0127.jpg,0.386187408,55.80393272,0.168359677,0.991880502,3.569642702,0.028345329,2
waffled_0127.jpg,0.271538299,98.31188364,0.036485766,0.977713205,4.541886764,0.001335242,2
waffled_0127.jpg,0.38609623,55.27879128,0.168374646,0.991940129,3.567394054,0.028350368,2
waffled_0128.jpg,0.315959762,21.21334445,0.038655839,0.980457105,3.062787398,0.001503312,2
waffled_0128.jpg,0.471632977,17.7472288,0.186147806,0.990310817,2.148832814,0.034651568,2
waffled_0128.jpg,0.497880599,16.60708338,0.20083901,0.991877839,1.996703415,0.040338684,2
waffled_0128.jpg,0.468851624,17.7254401,0.185967711,0.99069827,2.173157772,0.034584532,2
waffled_0129.jpg,0.120733112,207.3653928,0.013093299,0.944018889,10.16449412,0.000172346,2
waffled_0129.jpg,0.27155489,167.9976453,0.16741331,0.979426436,7.767174021,0.028027574,2
waffled_0129.jpg,0.169894206,158.3625204,0.035450396,0.966315912,8.294330136,0.001262197,2
waffled_0129.jpg,0.271432782,169.5192178,0.167435061,0.979331175,7.781323112,0.028034858,2
waffled_0130.jpg,0.171798528,60.40254283,0.016936544,0.979300649,5.807526094,0.000288365,2
waffled_0130.jpg,0.335852536,52.34016504,0.181157074,0.988581029,4.387511535,0.032818112,2
waffled_0130.jpg,0.346306354,46.79467264,0.182895125,0.990084084,4.144355482,0.033452276,2
waffled_0130.jpg,0.33458332,53.79862759,0.181144121,0.988434993,4.430559821,0.032813416,2
waffled_0131.jpg,0.189359977,68.81490217,0.01769504,0.979893682,5.758531582,0.000314861,2
waffled_0131.jpg,0.337496608,76.9798662,0.168365532,0.990464677,4.542159675,0.028347188,2
waffled_0131.jpg,0.19234033,129.9876133,0.018238789,0.964085191,6.126315834,0.000335188,2
waffled_0131.jpg,0.337379854,76.71565062,0.168379747,0.990493516,4.543039926,0.028351975,2
waffled_0132.jpg,0.223220688,49.22725163,0.01932597,0.986794371,4.816846279,0.000375574,2
waffled_0132.jpg,0.366409165,95.92898462,0.171756363,0.987401273,4.127848927,0.029500813,2
waffled_0132.jpg,0.316781912,171.5184368,0.125006305,0.975081592,4.925321405,0.015632012,2
waffled_0132.jpg,0.36365836,91.04556661,0.171748254,0.987808775,4.15771977,0.029498015,2
waffled_0133.jpg,0.198474178,77.85875043,0.015536392,0.988693249,6.052589137,0.000242541,2
waffled_0133.jpg,0.361586136,66.1308667,0.175798879,0.994109042,4.375566141,0.030905432,2
waffled_0133.jpg,0.344723189,56.85426543,0.142351489,0.99452964,4.220422781,0.020265637,2
waffled_0133.jpg,0.357045401,69.23152822,0.175731077,0.993698445,4.488619171,0.030881597,2
waffled_0134.jpg,0.193360011,134.9171241,0.014574904,0.977366975,7.359754757,0.000213548,2
waffled_0134.jpg,0.330285473,116.5386934,0.16898309,0.987155925,5.914461732,0.028555469,2
waffled_0134.jpg,0.220976722,193.5428929,0.038417856,0.97174677,7.478917542,0.001478426,2
waffled_0134.jpg,0.330188203,119.9408871,0.168990895,0.986817391,5.948650975,0.028558107,2
waffled_0135.jpg,0.304356279,15.33590191,0.051311184,0.911360695,2.928208911,0.002673084,2
waffled_0135.jpg,0.461215131,22.09652918,0.208864868,0.992824476,2.255481671,0.043625867,2
waffled_0135.jpg,0.532990314,17.80250549,0.294781283,0.9954472,1.930938218,0.086899425,2
waffled_0135.jpg,0.463623057,22.34483117,0.208951304,0.992770042,2.235880479,0.04366205,2
waffled_0136.jpg,0.104445748,279.6092892,0.013761734,0.893392374,11.61373626,0.00019052,2
waffled_0136.jpg,0.265154157,196.1110473,0.167372248,0.961968864,8.625831089,0.028013729,2
waffled_0136.jpg,0.144768124,192.2962206,0.024151186,0.932327527,9.360653757,0.000587933,2
waffled_0136.jpg,0.264887361,196.7147596,0.167385993,0.96188594,8.641519004,0.02801833,2
waffled_0137.jpg,0.332303408,16.97946085,0.023454535,0.996145085,2.878051403,0.000556692,2
waffled_0137.jpg,0.461821895,57.10109981,0.179946936,0.993558552,2.539833652,0.032381204,2
waffled_0137.jpg,0.451475169,102.5053953,0.174164339,0.988271061,2.754812384,0.03033573,2
waffled_0137.jpg,0.45855254,55.26260238,0.179962113,0.99356632,2.563336166,0.032386669,2
waffled_0138.jpg,0.2742117,31.33044475,0.023957857,0.987889257,3.707077243,0.00057798,2
waffled_0138.jpg,0.41587775,42.04890997,0.174628911,0.994595184,2.957672521,0.030495516,2
waffled_0138.jpg,0.396377453,43.35084086,0.124982503,0.993388937,3.019455877,0.015622846,2
waffled_0138.jpg,0.41548722,42.82491081,0.174656267,0.994459319,2.95100997,0.030505071,2
waffled_0139.jpg,0.31012982,47.08522686,0.039236436,0.987128227,4.30042382,0.00154985,2
waffled_0139.jpg,0.437465605,36.0753846,0.174632892,0.9892017,3.302370125,0.030497095,2
waffled_0139.jpg,0.371176455,56.28642925,0.100947304,0.984952238,4.076743464,0.010194014,2
waffled_0139.jpg,0.433002191,37.26040402,0.174452182,0.989306681,3.356434946,0.030433993,2
waffled_0141.jpg,0.248698188,44.7446242,0.021331833,0.98472536,4.296209152,0.000457499,2
waffled_0141.jpg,0.413389756,57.59678025,0.196796736,0.993397016,3.287816202,0.038729283,2
waffled_0141.jpg,0.475062279,46.65784951,0.261068909,0.995291447,2.848940846,0.068158518,2
waffled_0141.jpg,0.415401272,54.39591808,0.19675873,0.993643949,3.270341876,0.038714318,2
waffled_0142.jpg,0.209046505,67.32167187,0.018740798,0.97991223,5.479626362,0.000354431,2
waffled_0142.jpg,0.425720832,61.73250335,0.263257447,0.990762213,3.889018838,0.069305004,2
waffled_0142.jpg,0.55559191,43.32274167,0.426425048,0.994222087,3.00230075,0.181839496,2
waffled_0142.jpg,0.423546894,60.2443612,0.263253514,0.990866797,3.943506931,0.069302927,2
waffled_0143.jpg,0.23491372,60.23811284,0.019605948,0.982229923,5.016400735,0.00038724,2
waffled_0143.jpg,0.370126814,77.37502903,0.16794587,0.989904148,4.28418226,0.028206234,2
waffled_0143.jpg,0.267415639,78.58102061,0.03256735,0.981023763,4.850748668,0.001067496,2
waffled_0143.jpg,0.369946875,77.61025972,0.167960844,0.989853141,4.283833017,0.028211261,2
waffled_0144.jpg,0.278453306,102.1756914,0.035194846,0.96860044,5.948844653,0.001247351,2
waffled_0144.jpg,0.423130803,68.41214796,0.182260623,0.977419533,4.311726443,0.033219361,2
waffled_0144.jpg,0.430822279,61.27559891,0.178904531,0.981538898,4.071383483,0.032009307,2
waffled_0144.jpg,0.424610513,65.83542838,0.182133202,0.978858355,4.246604658,0.033172913,2
waffled_0145.jpg,0.232344659,38.03893096,0.017351481,0.993041382,4.464129894,0.000303296,2
waffled_0145.jpg,0.366567118,52.70057991,0.172929213,0.994050769,3.850876603,0.029904745,2
waffled_0145.jpg,0.31639008,69.78617533,0.109827128,0.991199667,4.225198956,0.012064285,2
waffled_0145.jpg,0.367977303,53.27316338,0.17294081,0.993970714,3.81569317,0.029908755,2
waffled_0146.jpg,0.322472672,50.70096507,0.026860265,0.988279024,4.0023926,0.000731835,2
waffled_0146.jpg,0.484914536,47.76434618,0.224086025,0.989699998,3.061713522,0.050215094,2
waffled_0146.jpg,0.554272818,67.61795249,0.348554423,0.987881521,2.965960451,0.121491693,2
waffled_0146.jpg,0.471189229,62.14410794,0.223804353,0.989883787,3.300249649,0.05008887,2
waffled_0147.jpg,0.284978044,19.91542739,0.038763177,0.962872532,3.246145228,0.001512233,2
waffled_0147.jpg,0.418060032,19.82903369,0.170876081,0.982530631,2.593685942,0.029199703,2
waffled_0147.jpg,0.346897571,20.72808481,0.062889431,0.971639989,2.827582821,0.003967312,2
waffled_0147.jpg,0.417209132,19.80813451,0.1708729,0.982617999,2.598973158,0.029198619,2
waffled_0148.jpg,0.047783011,1492.704197,0.009274904,0.596162036,27.9983369,8.75E-05,2
waffled_0148.jpg,0.2478481,764.3346511,0.2004249,0.810714325,17.79075275,0.040170388,2
waffled_0148.jpg,0.312462857,1154.609601,0.279354447,0.759992891,20.89163394,0.078040386,2
waffled_0148.jpg,0.246990967,754.112481,0.200430716,0.811984908,17.76877209,0.04017272,2
waffled_0149.jpg,0.215109748,58.31607573,0.027910793,0.932421488,5.127329358,0.000782869,2
waffled_0149.jpg,0.367127956,44.56160196,0.173113573,0.981549341,3.801875686,0.029968636,2
waffled_0149.jpg,0.286299632,73.18955295,0.096773469,0.95924123,4.879143032,0.009367676,2
waffled_0149.jpg,0.366873666,44.06995658,0.173115296,0.981649228,3.795267368,0.029969232,2
waffled_0150.jpg,0.204387857,136.0494715,0.018834795,0.959551298,7.16021922,0.000357257,2
waffled_0150.jpg,0.398984255,94.59860737,0.221281847,0.987487377,4.76023043,0.04896614,2
waffled_0150.jpg,0.474578447,139.3402416,0.342489211,0.984957045,5.080371266,0.117300722,2
waffled_0150.jpg,0.394078798,102.6794254,0.221203842,0.987622444,4.926026385,0.048931615,2
waffled_0151.jpg,0.252841044,193.6678146,0.024361243,0.875310829,7.860241197,0.000597245,2
waffled_0151.jpg,0.400698814,115.7389398,0.17009092,0.97801152,5.186232401,0.028931489,2
waffled_0151.jpg,0.35820612,92.60135208,0.078393451,0.972567201,4.738706101,0.006151553,2
waffled_0151.jpg,0.40009025,115.7465504,0.170104432,0.977868042,5.183095376,0.028936086,2
waffled_0152.jpg,0.319459215,73.39712264,0.030928434,0.971891129,4.67895187,0.000970713,2
waffled_0152.jpg,0.456014433,54.2870158,0.173889258,0.985757237,3.491983093,0.030238008,2
waffled_0152.jpg,0.392661836,81.57968264,0.117744295,0.975871206,4.395106434,0.013870181,2
waffled_0152.jpg,0.461776917,51.77055349,0.17407219,0.986100961,3.38846084,0.03030169,2
waffled_0153.jpg,0.249248242,101.8785511,0.019149351,0.982492773,5.726077907,0.000370334,2
waffled_0153.jpg,0.409061297,100.6212452,0.206994577,0.986650429,4.396366315,0.042847048,2
waffled_0153.jpg,0.477428327,142.9280706,0.302078051,0.98314368,4.286483494,0.091252545,2
waffled_0153.jpg,0.406645442,96.24698267,0.206974732,0.987781777,4.374934108,0.042838829,2
waffled_0154.jpg,0.203897588,56.95938448,0.02131616,0.967853924,5.248257129,0.000458211,2
waffled_0154.jpg,0.339565986,52.53070036,0.167354205,0.983454591,4.305747922,0.028007812,2
waffled_0154.jpg,0.203905893,71.13174877,0.021287258,0.960199442,5.389136966,0.000457101,2
waffled_0154.jpg,0.339532486,52.53718763,0.167365743,0.983454194,4.306880768,0.028011674,2
waffled_0155.jpg,0.22343415,55.34411458,0.024110553,0.957644941,5.110719356,0.000585213,2
waffled_0155.jpg,0.362058895,43.8150854,0.170272753,0.983105764,3.9314977,0.028993174,2
waffled_0155.jpg,0.305470932,38.65796869,0.071676073,0.979436085,3.935716799,0.005142409,2
waffled_0155.jpg,0.362907584,44.09357808,0.170278514,0.983039875,3.925075642,0.028995135,2
waffled_0156.jpg,0.18090584,126.5837811,0.024418552,0.836714449,7.565324805,0.000607806,2
waffled_0156.jpg,0.318844567,102.2414778,0.166777098,0.966321271,5.99366324,0.027815086,2
waffled_0156.jpg,0.22919778,94.04786338,0.041776873,0.926365335,6.354034741,0.001763591,2
waffled_0156.jpg,0.319273792,102.1221789,0.166796951,0.966431981,5.987204922,0.027821709,2
waffled_0157.jpg,0.161150609,155.34195,0.014098103,0.969377176,8.173567415,0.000200581,2
waffled_0157.jpg,0.322740491,139.139294,0.17598028,0.987278831,5.933683439,0.030969415,2
waffled_0157.jpg,0.292115978,229.040938,0.156464369,0.978388511,7.456969058,0.024484739,2
waffled_0157.jpg,0.322698142,137.5022533,0.175999762,0.987510882,5.946498228,0.030976272,2
waffled_0158.jpg,0.241142411,38.07606138,0.019200162,0.988774433,4.361896091,0.000371633,2
waffled_0158.jpg,0.393226423,48.28133524,0.180034929,0.99342106,3.427610396,0.032412827,2
waffled_0158.jpg,0.372944736,75.74294136,0.173605232,0.989703441,3.880558829,0.030140595,2
waffled_0158.jpg,0.393485895,47.11973518,0.180034894,0.993642208,3.418974574,0.032412814,2
waffled_0159.jpg,0.308680598,404.1281906,0.025030328,0.959558014,9.258305513,0.000662594,2
waffled_0159.jpg,0.460083811,234.9071903,0.203175921,0.986258505,6.161645993,0.041280942,2
waffled_0159.jpg,0.531271022,148.3193776,0.286225248,0.991828882,4.846200579,0.081927002,2
waffled_0159.jpg,0.457332554,234.6433483,0.203113124,0.985977554,6.189644068,0.041255418,2
waffled_0160.jpg,0.203972832,375.7766357,0.028883143,0.959893725,10.45419484,0.000840493,2
waffled_0160.jpg,0.389465496,233.630269,0.222318045,0.986447088,6.957670754,0.049425628,2
waffled_0160.jpg,0.472836705,273.6671914,0.342358487,0.985471096,7.247098469,0.117210655,2
waffled_0160.jpg,0.396443658,219.6608863,0.222275153,0.987055212,6.82362763,0.049406565,2
waffled_0161.jpg,0.464345344,14.03863778,0.03443292,0.995223632,2.072861438,0.001194715,2
waffled_0161.jpg,0.570083927,61.53658385,0.181101266,0.99459181,1.989115,0.032798071,2
waffled_0161.jpg,0.564187878,104.9090066,0.172364096,0.990568992,2.152156257,0.029711657,2
waffled_0161.jpg,0.575698989,60.93532203,0.181177103,0.994602864,1.949154655,0.032825529,2
waffled_0162.jpg,0.226617432,33.90624185,0.021153617,0.987195865,4.262198773,0.000450241,2
waffled_0162.jpg,0.377218959,46.28212662,0.170818823,0.991598455,3.327958423,0.029179324,2
waffled_0162.jpg,0.319235503,49.79398509,0.074558493,0.987997267,3.566863596,0.005562057,2
waffled_0162.jpg,0.376387891,45.85275539,0.170839248,0.991461991,3.348477572,0.029186305,2
waffled_0163.jpg,0.233312629,288.8776351,0.031267032,0.878173803,10.0842054,0.001001052,2
waffled_0163.jpg,0.40075953,231.2016327,0.201919651,0.981666798,7.481497607,0.040772257,2
waffled_0163.jpg,0.467948918,188.2785383,0.279701084,0.987534354,6.560501628,0.078235411,2
waffled_0163.jpg,0.397205217,234.7137838,0.2020233,0.981396994,7.616905255,0.040814152,2
waffled_0164.jpg,0.319545415,39.93014369,0.02492307,0.990544347,3.917339211,0.00063462,2
waffled_0164.jpg,0.457754292,70.72707606,0.208581859,0.99445515,3.359372324,0.043506938,2
waffled_0164.jpg,0.529181269,102.8112121,0.307024486,0.993167848,3.113306765,0.094266197,2
waffled_0164.jpg,0.458578607,76.2819761,0.208607935,0.994124746,3.396925469,0.043517815,2
waffled_0165.jpg,0.152124659,77.33173467,0.021493209,0.924157877,6.598688108,0.000464269,2
waffled_0165.jpg,0.328237098,65.52673849,0.19108275,0.986422937,4.847808005,0.036512943,2
waffled_0165.jpg,0.378568838,53.15393588,0.238518503,0.990404187,4.228797945,0.0568929,2
waffled_0165.jpg,0.326423628,65.36902313,0.191076228,0.986421106,4.90295495,0.036510448,2
waffled_0166.jpg,0.361336599,416.6668729,0.031064809,0.836510543,8.543710305,0.000984794,2
waffled_0166.jpg,0.495104702,258.2994347,0.170937687,0.952162606,5.959638924,0.02921977,2
waffled_0166.jpg,0.365302536,448.8554216,0.031652636,0.836012525,8.745670233,0.001021681,2
waffled_0166.jpg,0.495122767,258.7774903,0.170935845,0.952098877,5.964904313,0.029219141,2
waffled_0167.jpg,0.127029701,191.9095365,0.016929483,0.889868019,9.371656336,0.000287576,2
waffled_0167.jpg,0.299751091,103.5569369,0.168809352,0.9850362,5.872877977,0.028496802,2
waffled_0167.jpg,0.184158249,82.52757531,0.021692297,0.952102587,5.874691865,0.000472886,2
waffled_0167.jpg,0.29943513,103.8138266,0.168815695,0.984994788,5.882379509,0.028498943,2
waffled_0168.jpg,0.342568376,41.35175971,0.032843878,0.977286286,3.788254419,0.001099622,2
waffled_0168.jpg,0.469424455,50.00536893,0.17186823,0.988384135,3.076420167,0.029539253,2
waffled_0168.jpg,0.439604186,45.62013336,0.101106025,0.986322891,3.254551496,0.010233284,2
waffled_0168.jpg,0.469526861,51.28780505,0.171856935,0.98809585,3.074503942,0.029535365,2
waffled_0169.jpg,0.128219328,319.7705449,0.015843505,0.901410867,11.57624888,0.000252674,2
waffled_0169.jpg,0.283248316,191.643626,0.167641974,0.964429522,8.115390278,0.028104115,2
waffled_0169.jpg,0.175164302,157.3927715,0.019805748,0.94975655,7.986121587,0.000396718,2
waffled_0169.jpg,0.283235936,191.2030843,0.167658659,0.964397618,8.108093797,0.028109709,2
waffled_0170.jpg,0.268308429,26.2063816,0.032542355,0.966281816,3.622483836,0.001065501,2
waffled_0170.jpg,0.408054956,45.01696314,0.1726817,0.992045779,2.952647932,0.029819404,2
waffled_0170.jpg,0.359009205,44.91094296,0.088356836,0.986934254,3.115819961,0.00781052,2
waffled_0170.jpg,0.407653981,43.26498609,0.172673842,0.992307087,2.951412192,0.029816688,2
waffled_0171.jpg,0.152309611,111.377791,0.022192084,0.8612903,7.448662481,0.000495822,2
waffled_0171.jpg,0.311220991,72.03765678,0.169725699,0.977127319,5.293412584,0.028807026,2
waffled_0171.jpg,0.153817087,118.1184456,0.022226627,0.860227799,7.51252704,0.000497368,2
waffled_0171.jpg,0.311186225,72.10231773,0.169729047,0.977106041,5.296121296,0.028808162,2
waffled_0172.jpg,0.219072924,154.5594189,0.022404841,0.979277941,7.002226379,0.000504934,2
waffled_0172.jpg,0.359365438,140.9415441,0.168621538,0.983038061,5.744105684,0.028433647,2
waffled_0172.jpg,0.246933933,152.4683199,0.025010253,0.979394553,6.417728879,0.000630435,2
waffled_0172.jpg,0.359022953,140.8047033,0.168630244,0.983095557,5.747354693,0.028436581,2
waffled_0173.jpg,0.379665869,20.24731326,0.029694061,0.994466748,2.720022194,0.000890027,2
waffled_0173.jpg,0.490214851,39.9406415,0.171913073,0.994899802,2.376189624,0.02955453,2
waffled_0173.jpg,0.451640032,36.66860419,0.092376645,0.994046331,2.551218458,0.008537797,2
waffled_0173.jpg,0.48737136,37.01971152,0.171819912,0.995291137,2.397436909,0.029522495,2
waffled_0174.jpg,0.120948788,214.0248207,0.022538993,0.775813883,11.23617498,0.000567347,2
waffled_0174.jpg,0.293835787,100.6131088,0.171199426,0.981147351,6.241164765,0.029309602,2
waffled_0174.jpg,0.179396762,248.0191054,0.071154836,0.914272383,10.87376458,0.005069402,2
waffled_0174.jpg,0.293531065,100.7749014,0.171196778,0.981182441,6.253018019,0.029308691,2
waffled_0175.jpg,0.325318532,18.92740347,0.026298577,0.991911504,2.993368627,0.000697561,2
waffled_0175.jpg,0.442558635,38.36232818,0.177515641,0.993198467,2.701380763,0.031512287,2
waffled_0175.jpg,0.443581815,35.74138675,0.164186351,0.993437732,2.702851846,0.02696081,2
waffled_0175.jpg,0.439087776,37.29691233,0.177509254,0.993260151,2.704743495,0.031510013,2
waffled_0176.jpg,0.250846599,71.44692819,0.020759447,0.972576233,5.279128031,0.000433673,2
waffled_0176.jpg,0.384440965,58.57883916,0.173091879,0.98940011,3.945345926,0.029961021,2
waffled_0176.jpg,0.352528495,52.29447672,0.109041488,0.988787729,3.903084176,0.011891992,2
waffled_0176.jpg,0.384013313,59.97143676,0.173068394,0.989364344,3.995472332,0.029952887,2
waffled_0177.jpg,0.167246935,228.6846796,0.015472776,0.97953057,9.267144103,0.0002409,2
waffled_0177.jpg,0.319359709,184.2834499,0.169216873,0.986662315,7.26160945,0.028634503,2
waffled_0177.jpg,0.172725685,289.1933356,0.016887862,0.974527712,9.529768947,0.000287664,2
waffled_0177.jpg,0.319248556,184.6422199,0.169220615,0.986630194,7.269270384,0.028635769,2
waffled_0178.jpg,0.20665274,41.15355978,0.030173247,0.931993692,4.732299711,0.000915459,2
waffled_0178.jpg,0.357944871,63.15650277,0.173321295,0.991938693,3.809245194,0.03004075,2
waffled_0178.jpg,0.312855189,59.72760377,0.104915209,0.988539724,3.965528869,0.011010652,2
waffled_0178.jpg,0.357528564,63.1287872,0.173357011,0.991952674,3.816603669,0.030053136,2
waffled_0179.jpg,0.314490405,32.68273943,0.035146291,0.969202099,3.472537587,0.001241273,2
waffled_0179.jpg,0.453211182,49.13675852,0.170257455,0.991079293,2.855673059,0.028988439,2
waffled_0179.jpg,0.380447785,49.03688223,0.049627065,0.976569151,3.144191597,0.002470891,2
waffled_0179.jpg,0.454002631,49.50881664,0.170266874,0.991033818,2.857954132,0.028991641,2
waffled_0180.jpg,0.168859136,185.0984129,0.014544091,0.96008702,8.479759618,0.000212845,2
waffled_0180.jpg,0.32372571,153.783462,0.176735733,0.982877957,6.604202402,0.031235827,2
waffled_0180.jpg,0.314676118,141.0226303,0.157161521,0.983494793,6.403715197,0.024702536,2
waffled_0180.jpg,0.32103128,158.1230186,0.176736244,0.982326987,6.739743981,0.031236005,2
waffled_0181.jpg,0.198408138,61.17282558,0.018313608,0.981321295,5.350351258,0.000337478,2
waffled_0181.jpg,0.345395051,64.17921133,0.169181021,0.99067467,4.328081806,0.0286224,2
waffled_0181.jpg,0.241624664,68.50590286,0.027521251,0.981828963,4.830612463,0.000760484,2
waffled_0181.jpg,0.345350435,64.39826562,0.169183623,0.99063795,4.332540786,0.028623281,2
waffled_0182.jpg,0.347745855,22.89001439,0.033057711,0.984282097,3.053637785,0.001101426,2
waffled_0182.jpg,0.495754231,41.60174249,0.215860303,0.993322968,2.553620264,0.046596252,2
waffled_0182.jpg,0.552282747,57.35688121,0.32381665,0.992517629,2.454614933,0.104858772,2
waffled_0182.jpg,0.492939835,40.49264974,0.215686416,0.993340199,2.525933675,0.046521177,2
waffled_0183.jpg,0.197702044,79.54319787,0.019794448,0.954891936,6.062519867,0.000394651,2
waffled_0183.jpg,0.339881521,85.88017936,0.166883504,0.977181205,4.993929751,0.027850691,2
waffled_0183.jpg,0.231266075,123.0838938,0.049115236,0.949181108,6.199965902,0.002420052,2
waffled_0183.jpg,0.339351812,85.75913914,0.166929923,0.976999726,5.004966521,0.027866189,2
waffled_0184.jpg,0.171680513,285.2402648,0.017440947,0.938592296,10.88109727,0.000306133,2
waffled_0184.jpg,0.325692996,173.7984699,0.169977086,0.970522596,7.566161872,0.028892376,2
waffled_0184.jpg,0.199115077,319.4147598,0.039003352,0.936752198,10.85561033,0.001523879,2
waffled_0184.jpg,0.325557692,174.1078828,0.169971754,0.970608833,7.558743592,0.028890562,2
waffled_0185.jpg,0.311124202,41.34283943,0.021493073,0.992552268,3.740978022,0.00046501,2
waffled_0185.jpg,0.443262374,47.01884317,0.171205619,0.994441064,2.956618577,0.02931165,2
waffled_0185.jpg,0.369070317,84.6943519,0.088610309,0.988209978,3.731435117,0.007854771,2
waffled_0185.jpg,0.443391701,45.57373129,0.171213144,0.994540645,2.955319221,0.029314227,2
waffled_0186.jpg,0.297205097,74.2008948,0.01917811,0.989927831,4.593216695,0.000371643,2
waffled_0186.jpg,0.417781709,78.54920302,0.169605376,0.991358504,3.904416429,0.028766171,2
waffled_0186.jpg,0.333180215,81.80942496,0.040139152,0.989581966,4.360393981,0.001615393,2
waffled_0186.jpg,0.41628547,79.46196273,0.169591712,0.99138443,3.92852483,0.028761535,2
waffled_0187.jpg,0.211877981,87.26322129,0.015883708,0.988938906,5.370622484,0.000253796,2
waffled_0187.jpg,0.360821897,90.24598117,0.169268342,0.992390118,4.243036079,0.02865194,2
waffled_0187.jpg,0.267625742,89.75898533,0.039057506,0.989866878,4.722322198,0.001528233,2
waffled_0187.jpg,0.361022221,89.49452029,0.169270807,0.992457264,4.236734102,0.028652775,2
waffled_0188.jpg,0.277305028,43.69296701,0.023489895,0.987175083,4.09852675,0.000555157,2
waffled_0188.jpg,0.429486367,53.47901906,0.198221871,0.992460597,3.273083164,0.039292232,2
waffled_0188.jpg,0.461063248,80.56648854,0.267237351,0.990376145,3.537484477,0.071417286,2
waffled_0188.jpg,0.430813929,56.49111192,0.198151161,0.992712765,3.262762933,0.039264189,2
waffled_0189.jpg,0.146991596,121.4742014,0.014061026,0.97190576,7.888478927,0.000199022,2
waffled_0189.jpg,0.326742535,123.5036302,0.206486399,0.986721129,6.254129605,0.042637183,2
waffled_0189.jpg,0.403404215,161.5304787,0.305345196,0.985351854,6.091118728,0.093238417,2
waffled_0189.jpg,0.324020725,133.0700217,0.206505249,0.986336746,6.35707637,0.042644969,2
waffled_0190.jpg,0.154490768,109.7375133,0.018045205,0.932361838,7.452713896,0.000327984,2
waffled_0190.jpg,0.327893752,86.81625478,0.193340656,0.977309672,5.553232899,0.037380887,2
waffled_0190.jpg,0.361497678,116.9663612,0.248318864,0.973184363,5.9692453,0.061663786,2
waffled_0190.jpg,0.331807319,81.96340571,0.193350213,0.978211127,5.410517211,0.03738458,2
waffled_0191.jpg,0.176058383,139.7193076,0.014186682,0.976086499,7.599068034,0.00020252,2
waffled_0191.jpg,0.337099333,123.2598206,0.18360567,0.984704475,5.935465522,0.033711253,2
waffled_0191.jpg,0.343424906,161.3955556,0.201359548,0.980277209,6.335073845,0.040547251,2
waffled_0191.jpg,0.336616038,122.6031944,0.183621095,0.984133934,5.973302854,0.033716918,2
waffled_0192.jpg,0.220969632,100.0619828,0.019096776,0.975998622,5.801759047,0.000368298,2
waffled_0192.jpg,0.359364158,131.8722057,0.165682722,0.98797636,4.949126279,0.02745133,2
waffled_0192.jpg,0.245826021,201.8853358,0.038470234,0.965427616,6.282695838,0.001489737,2
waffled_0192.jpg,0.359570853,132.9157078,0.165707412,0.987891922,4.964695819,0.027459509,2
waffled_0193.jpg,0.224858155,79.05790183,0.027044894,0.965506931,5.976754848,0.000737988,2
waffled_0193.jpg,0.396021259,58.30713358,0.20752385,0.982301873,4.384366639,0.043066448,2
waffled_0193.jpg,0.471369752,43.60727482,0.298690835,0.987558182,3.667494089,0.089217625,2
waffled_0193.jpg,0.396266049,53.50916203,0.207534824,0.983286422,4.273992429,0.043071002,2
waffled_0196.jpg,0.131819395,257.1862315,0.012199082,0.947676669,10.93443007,0.000149628,2
waffled_0196.jpg,0.303207675,162.3384552,0.179581607,0.981620273,7.529526813,0.032249726,2
waffled_0196.jpg,0.280172961,263.3099549,0.173154502,0.97047529,9.383186626,0.029984038,2
waffled_0196.jpg,0.302815166,159.2739259,0.179585219,0.982193479,7.468986164,0.032251024,2
waffled_0197.jpg,0.187370303,74.65979647,0.021146142,0.958170057,5.920010605,0.000449588,2
waffled_0197.jpg,0.338178741,55.35137749,0.169539698,0.977627488,4.487191855,0.028744108,2
waffled_0197.jpg,0.243420563,81.51437274,0.073164606,0.960797422,5.691015327,0.005357486,2
waffled_0197.jpg,0.337781536,55.44254125,0.169553763,0.977679314,4.50105083,0.028748877,2
waffled_0198.jpg,0.303119376,21.65705958,0.023453598,0.993145075,3.180266519,0.00055379,2
waffled_0198.jpg,0.437024932,38.75795879,0.169480871,0.995643421,2.642174884,0.028724014,2
waffled_0198.jpg,0.356735793,40.14346179,0.035874519,0.990343339,2.929864699,0.001292004,2
waffled_0198.jpg,0.437255253,38.19939235,0.169486656,0.99570654,2.636702318,0.028725975,2
waffled_0199.jpg,0.161405756,139.4779154,0.015577138,0.967005712,7.839587477,0.000246237,2
waffled_0199.jpg,0.312533969,142.4077245,0.166730552,0.979897854,6.201801271,0.027799601,2
waffled_0199.jpg,0.224588256,140.9875138,0.048587016,0.972050499,6.722146634,0.002371139,2
waffled_0199.jpg,0.309518266,139.0451344,0.166741008,0.980045515,6.214369846,0.027803086,2
waffled_0200.jpg,0.111667386,1386.050218,0.015229923,0.751700986,21.76375893,0.000239651,2
waffled_0200.jpg,0.313087057,802.1449792,0.207355761,0.929785944,14.46475012,0.042997049,2
waffled_0200.jpg,0.412423802,573.0131705,0.304848346,0.955928812,11.51442913,0.09293564,2
waffled_0200.jpg,0.311699734,774.8416427,0.2073862,0.93241331,14.22309462,0.043009671,2
waffled_0204.jpg,0.255011502,24.86496457,0.041692873,0.901164546,3.724601143,0.001772233,2
waffled_0204.jpg,0.396102652,93.1633885,0.170919069,0.991554456,3.275103215,0.029214834,2
waffled_0204.jpg,0.296440765,163.7970029,0.069938922,0.963501483,4.242356096,0.004914951,2
waffled_0204.jpg,0.394266086,93.33131855,0.170882258,0.991530348,3.300836718,0.02920221,2
